ID chaty,Chata,Země,Pohoří,Nejbližší obec / uzel,Pořadí,Výchozí bod,Typ výchozího bodu,Doprava / návaznost,Sezóna / omezení,Jistota,Zdrojové URL,Poznámka,Ověřeno k
HUT-0001,Luční bouda,Česko,Krkonoše,Pec pod Sněžkou,1,"Pec pod Sněžkou, autobusové nádraží / parkoviště P1",horské středisko + autobus + parkoviště,linkový autobus; parkování P1,celoročně; vždy ověřit aktuální stav cest a dopravy,A,"https://www.krkonose.eu/za-krasnymi-vyhledy-na-snezku
https://www.lucnibouda.cz/
https://www.krkonose.eu/vylety",Nejběžnější pěší nástup vede z Pece přes Obří důl nebo přes Výrovku; ze Špindlerova Mlýna přes Bílé Labe.,2026-07-21
HUT-0001,Luční bouda,Česko,Krkonoše,Pec pod Sněžkou,2,"Špindlerův Mlýn, Medvědín",středisko + parkoviště + autobus,,celoročně; vždy ověřit aktuální stav cest a dopravy,A,"https://www.krkonose.eu/za-krasnymi-vyhledy-na-snezku
https://www.lucnibouda.cz/
https://www.krkonose.eu/vylety",Nejběžnější pěší nástup vede z Pece přes Obří důl nebo přes Výrovku; ze Špindlerova Mlýna přes Bílé Labe.,2026-07-21
HUT-0001,Luční bouda,Česko,Krkonoše,Pec pod Sněžkou,3,"Pec pod Sněžkou, Růžová hora – mezistanice lanovky",lanovka,,celoročně; vždy ověřit aktuální stav cest a dopravy,A,"https://www.krkonose.eu/za-krasnymi-vyhledy-na-snezku
https://www.lucnibouda.cz/
https://www.krkonose.eu/vylety",Nejběžnější pěší nástup vede z Pece přes Obří důl nebo přes Výrovku; ze Špindlerova Mlýna přes Bílé Labe.,2026-07-21
HUT-0002,Labská bouda,Česko,Krkonoše,Špindlerův Mlýn,1,"Horní Mísečky, centrální parkoviště a autobus na Zlaté návrší",parkoviště + sezónní turistický autobus,autobus z Horních Míseček na Zlaté návrší,hlavně léto a podzim; autobus na Zlaté návrší je sezónní,A,"https://pohadkove.krkonose.eu/labska-bouda
https://www.labskabouda.cz/
https://www.krkonose.eu/vylety",Nejsnazší varianta vede ze Zlatého návrší; delší klasická trasa vede z Horních Míseček nebo Špindlerova Mlýna.,2026-07-21
HUT-0002,Labská bouda,Česko,Krkonoše,Špindlerův Mlýn,2,"Špindlerův Mlýn, Medvědín",středisko + autobus + parkoviště,,hlavně léto a podzim; autobus na Zlaté návrší je sezónní,A,"https://pohadkove.krkonose.eu/labska-bouda
https://www.labskabouda.cz/
https://www.krkonose.eu/vylety",Nejsnazší varianta vede ze Zlatého návrší; delší klasická trasa vede z Horních Míseček nebo Špindlerova Mlýna.,2026-07-21
HUT-0002,Labská bouda,Česko,Krkonoše,Špindlerův Mlýn,3,"Szklarska Poręba, horní stanice lanovky Szrenica",přeshraniční lanovka + hřebenová trasa,,hlavně léto a podzim; autobus na Zlaté návrší je sezónní,A,"https://pohadkove.krkonose.eu/labska-bouda
https://www.labskabouda.cz/
https://www.krkonose.eu/vylety",Nejsnazší varianta vede ze Zlatého návrší; delší klasická trasa vede z Horních Míseček nebo Špindlerova Mlýna.,2026-07-21
HUT-0003,Chata Výrovka,Česko,Krkonoše,Pec pod Sněžkou,1,"Pec pod Sněžkou, autobusové nádraží / parkoviště P1",horské středisko + autobus + parkoviště,linkový autobus; parkování P1,celoročně; vždy ověřit aktuální stav cest a dopravy,A,"https://www.krkonose.eu/chata-vyrovka
https://www.vyrovka.cz/
https://www.krkonose.eu/vylety",,2026-07-21
HUT-0003,Chata Výrovka,Česko,Krkonoše,Pec pod Sněžkou,2,"Strážné, náměstí / autobusová zastávka",horská obec + autobus,,celoročně; vždy ověřit aktuální stav cest a dopravy,A,"https://www.krkonose.eu/chata-vyrovka
https://www.vyrovka.cz/
https://www.krkonose.eu/vylety",,2026-07-21
HUT-0003,Chata Výrovka,Česko,Krkonoše,Pec pod Sněžkou,3,"Špindlerův Mlýn, Svatý Petr",středisko + autobus + parkoviště,,celoročně; vždy ověřit aktuální stav cest a dopravy,A,"https://www.krkonose.eu/chata-vyrovka
https://www.vyrovka.cz/
https://www.krkonose.eu/vylety",,2026-07-21
HUT-0004,Vosecká bouda,Česko,Krkonoše,Harrachov,1,"Harrachov, autobusové nádraží",horské středisko + autobus,autobus; pěší nástup přes Mumlavský vodopád,celoročně; vždy ověřit aktuální stav cest a dopravy,B,"https://www.voseckabouda.cz/
https://www.krkonose.eu/vylety",,2026-07-21
HUT-0004,Vosecká bouda,Česko,Krkonoše,Harrachov,2,"Harrachov, Mumlavský vodopád",parkoviště + turistický uzel,,celoročně; vždy ověřit aktuální stav cest a dopravy,B,"https://www.voseckabouda.cz/
https://www.krkonose.eu/vylety",,2026-07-21
HUT-0004,Vosecká bouda,Česko,Krkonoše,Harrachov,3,"Jakuszyce, železniční stanice Polana Jakuszycka",vlak + přeshraniční trasa,,celoročně; vždy ověřit aktuální stav cest a dopravy,B,"https://www.voseckabouda.cz/
https://www.krkonose.eu/vylety",,2026-07-21
HUT-0005,Martinova bouda,Česko,Krkonoše,Špindlerův Mlýn,1,"Špindlerův Mlýn, Medvědín / Dívčí lávky",středisko + parkoviště + autobus,autobus do Špindlerova Mlýna,celoročně; vždy ověřit aktuální stav cest a dopravy,B,"https://www.martinovka.cz/
https://www.krkonose.eu/vylety",,2026-07-21
HUT-0005,Martinova bouda,Česko,Krkonoše,Špindlerův Mlýn,2,"Špindlerova bouda, autobusová zastávka",hřebenová autobusová zastávka,,celoročně; vždy ověřit aktuální stav cest a dopravy,B,"https://www.martinovka.cz/
https://www.krkonose.eu/vylety",,2026-07-21
HUT-0005,Martinova bouda,Česko,Krkonoše,Špindlerův Mlýn,3,"Horní Mísečky, parkoviště",parkoviště + autobus,,celoročně; vždy ověřit aktuální stav cest a dopravy,B,"https://www.martinovka.cz/
https://www.krkonose.eu/vylety",,2026-07-21
HUT-0006,Brádlerovy boudy,Česko,Krkonoše,Špindlerův Mlýn,1,"Špindlerův Mlýn, Medvědín / Dívčí lávky",středisko + parkoviště + autobus,autobus do Špindlerova Mlýna,celoročně; vždy ověřit aktuální stav cest a dopravy,B,"https://www.bradlerovy-boudy.cz/
https://www.krkonose.eu/vylety",,2026-07-21
HUT-0006,Brádlerovy boudy,Česko,Krkonoše,Špindlerův Mlýn,2,"Špindlerova bouda, autobusová zastávka",hřebenová autobusová zastávka,,celoročně; vždy ověřit aktuální stav cest a dopravy,B,"https://www.bradlerovy-boudy.cz/
https://www.krkonose.eu/vylety",,2026-07-21
HUT-0006,Brádlerovy boudy,Česko,Krkonoše,Špindlerův Mlýn,3,"Horní Mísečky, parkoviště",parkoviště + autobus,,celoročně; vždy ověřit aktuální stav cest a dopravy,B,"https://www.bradlerovy-boudy.cz/
https://www.krkonose.eu/vylety",,2026-07-21
HUT-0007,Špindlerova bouda,Česko,Krkonoše,Špindlerův Mlýn,1,"Špindlerova bouda, autobusová zastávka",hřebenová autobusová zastávka,pravidelný autobus ze Špindlerova Mlýna,celoročně; vždy ověřit aktuální stav cest a dopravy,A,"https://www.spindlerovabouda.cz/
https://www.krkonose.eu/vylety",,2026-07-21
HUT-0007,Špindlerova bouda,Česko,Krkonoše,Špindlerův Mlýn,2,"Špindlerův Mlýn, autobusové nádraží",horské středisko + autobus,,celoročně; vždy ověřit aktuální stav cest a dopravy,A,"https://www.spindlerovabouda.cz/
https://www.krkonose.eu/vylety",,2026-07-21
HUT-0008,Erlebachova bouda,Česko,Krkonoše,Špindlerův Mlýn,1,"Špindlerova bouda, autobusová zastávka",hřebenová autobusová zastávka,pravidelný autobus ze Špindlerova Mlýna,celoročně; vždy ověřit aktuální stav cest a dopravy,A,"https://www.erlebachovabouda.cz/
https://www.krkonose.eu/vylety",,2026-07-21
HUT-0008,Erlebachova bouda,Česko,Krkonoše,Špindlerův Mlýn,2,"Špindlerův Mlýn, autobusové nádraží",horské středisko + autobus,,celoročně; vždy ověřit aktuální stav cest a dopravy,A,"https://www.erlebachovabouda.cz/
https://www.krkonose.eu/vylety",,2026-07-21
HUT-0009,Moravská bouda,Česko,Krkonoše,Špindlerův Mlýn,1,"Špindlerova bouda, autobusová zastávka",hřebenová autobusová zastávka,autobus ze Špindlerova Mlýna,celoročně; vždy ověřit aktuální stav cest a dopravy,B,"https://www.moravskabouda.cz/
https://www.krkonose.eu/vylety",,2026-07-21
HUT-0009,Moravská bouda,Česko,Krkonoše,Špindlerův Mlýn,2,"Špindlerův Mlýn, Medvědín / Dívčí lávky",středisko + parkoviště,,celoročně; vždy ověřit aktuální stav cest a dopravy,B,"https://www.moravskabouda.cz/
https://www.krkonose.eu/vylety",,2026-07-21
HUT-0010,Petrova bouda,Česko,Krkonoše,Špindlerův Mlýn,1,"Špindlerova bouda, autobusová zastávka",hřebenová autobusová zastávka,autobus ze Špindlerova Mlýna,celoročně; vždy ověřit aktuální stav cest a dopravy,B,"https://www.petrovabouda.cz/
https://www.krkonose.eu/vylety",,2026-07-21
HUT-0010,Petrova bouda,Česko,Krkonoše,Špindlerův Mlýn,2,"Špindlerův Mlýn, Medvědín / Dívčí lávky",středisko + parkoviště,,celoročně; vždy ověřit aktuální stav cest a dopravy,B,"https://www.petrovabouda.cz/
https://www.krkonose.eu/vylety",,2026-07-21
HUT-0011,Bouda u Bílého Labe,Česko,Krkonoše,Špindlerův Mlýn,1,"Špindlerův Mlýn, parkoviště Medvědín",středisko + parkoviště + autobus,autobus do Špindlerova Mlýna,celoročně; vždy ověřit aktuální stav cest a dopravy,A,"https://www.krkonose.eu/udolim-bileho-labe-a-po-uklonech-kozich-hrbetu
https://www.boudabilelabe.cz/
https://www.krkonose.eu/vylety",,2026-07-21
HUT-0011,Bouda u Bílého Labe,Česko,Krkonoše,Špindlerův Mlýn,2,"Špindlerův Mlýn, centrum / autobusové nádraží",horské středisko + autobus,,celoročně; vždy ověřit aktuální stav cest a dopravy,A,"https://www.krkonose.eu/udolim-bileho-labe-a-po-uklonech-kozich-hrbetu
https://www.boudabilelabe.cz/
https://www.krkonose.eu/vylety",,2026-07-21
HUT-0012,Dvoračky,Česko,Krkonoše,Rokytnice nad Jizerou,1,"Rokytnice nad Jizerou, Horní Domky",horské středisko + parkoviště + autobus,skibus / místní autobus podle sezóny,celoročně; vždy ověřit aktuální stav cest a dopravy,B,"https://www.dvoracky.cz/
https://www.krkonose.eu/vylety",,2026-07-21
HUT-0012,Dvoračky,Česko,Krkonoše,Rokytnice nad Jizerou,2,"Lysá hora, horní stanice lanovky",horní stanice lanovky,,celoročně; vždy ověřit aktuální stav cest a dopravy,B,"https://www.dvoracky.cz/
https://www.krkonose.eu/vylety",,2026-07-21
HUT-0012,Dvoračky,Česko,Krkonoše,Rokytnice nad Jizerou,3,"Rezek, autobusová zastávka",horská zastávka autobusu,,celoročně; vždy ověřit aktuální stav cest a dopravy,B,"https://www.dvoracky.cz/
https://www.krkonose.eu/vylety",,2026-07-21
HUT-0013,Chata Rezek,Česko,Krkonoše,Vítkovice,1,"Rezek, autobusová zastávka / parkoviště",horská autobusová zastávka + parkoviště,sezónní a regionální autobusové spoje,celoročně; vždy ověřit aktuální stav cest a dopravy,A,"https://www.rezek.cz/
https://www.krkonose.eu/vylety",,2026-07-21
HUT-0013,Chata Rezek,Česko,Krkonoše,Vítkovice,2,"Vítkovice, centrum",horská obec + autobus,,celoročně; vždy ověřit aktuální stav cest a dopravy,A,"https://www.rezek.cz/
https://www.krkonose.eu/vylety",,2026-07-21
HUT-0014,Rýchorská bouda,Česko,Krkonoše,Žacléř,1,"Horní Maršov, Temný Důl",autobusová zastávka + parkoviště,linkový autobus,celoročně; vždy ověřit aktuální stav cest a dopravy,B,"https://www.rychorskabouda.cz/
https://www.krkonose.eu/vylety",,2026-07-21
HUT-0014,Rýchorská bouda,Česko,Krkonoše,Žacléř,2,"Žacléř, Rýchorské náměstí",město + autobus,,celoročně; vždy ověřit aktuální stav cest a dopravy,B,"https://www.rychorskabouda.cz/
https://www.krkonose.eu/vylety",,2026-07-21
HUT-0014,Rýchorská bouda,Česko,Krkonoše,Žacléř,3,"Horní Albeřice, muzeum Vápenka",horská obec + parkoviště,,celoročně; vždy ověřit aktuální stav cest a dopravy,B,"https://www.rychorskabouda.cz/
https://www.krkonose.eu/vylety",,2026-07-21
HUT-0015,Bouda Jelenka,Česko,Krkonoše,Malá Úpa,1,"Pomezní Boudy, autobusová zastávka",hřebenové středisko + autobus + parkoviště,linkový a turistický autobus,celoročně; vždy ověřit aktuální stav cest a dopravy,A,"https://www.jelenka.eu/
https://www.krkonose.eu/vylety",,2026-07-21
HUT-0015,Bouda Jelenka,Česko,Krkonoše,Malá Úpa,2,"Pec pod Sněžkou, autobusové nádraží",horské středisko + autobus,,celoročně; vždy ověřit aktuální stav cest a dopravy,A,"https://www.jelenka.eu/
https://www.krkonose.eu/vylety",,2026-07-21
HUT-0016,Pomezní bouda,Česko,Krkonoše,Malá Úpa,1,"Pomezní Boudy, autobusová zastávka / parkoviště",hřebenové středisko + autobus + parkoviště,linkový a turistický autobus,celoročně; vždy ověřit aktuální stav cest a dopravy,A,"https://www.krnap.cz/navstevnici/tipy-na-vylet/z-horni-male-upy-pres-simovy-chalupy-do-pece-pod-snezkou/
https://www.krkonose.eu/vylety",,2026-07-21
HUT-0017,Portášky,Česko,Krkonoše,Pec pod Sněžkou,1,"Velká Úpa, dolní stanice lanovky Portášky",dolní stanice lanovky + autobus + parkoviště,sedačková lanovka Portášky,lanovka je sezónní; pěší přístup celoročně podle podmínek,A,"https://leto.skiresort.cz/lanovky/portasky/
https://www.portasky.cz/
https://www.krkonose.eu/vylety",,2026-07-21
HUT-0017,Portášky,Česko,Krkonoše,Pec pod Sněžkou,2,"Portášky, horní stanice lanovky",horní stanice lanovky,,lanovka je sezónní; pěší přístup celoročně podle podmínek,A,"https://leto.skiresort.cz/lanovky/portasky/
https://www.portasky.cz/
https://www.krkonose.eu/vylety",,2026-07-21
HUT-0018,Růžohorky,Česko,Krkonoše,Pec pod Sněžkou,1,"Pec pod Sněžkou, dolní stanice lanovky na Sněžku",dolní stanice lanovky + autobus + parkoviště,kabinková lanovka na Růžovou horu,celoročně; vždy ověřit aktuální stav cest a dopravy,A,"https://www.ruzohorky.cz/
https://www.krkonose.eu/vylety",,2026-07-21
HUT-0018,Růžohorky,Česko,Krkonoše,Pec pod Sněžkou,2,"Růžová hora, mezistanice lanovky",mezistanice lanovky,,celoročně; vždy ověřit aktuální stav cest a dopravy,A,"https://www.ruzohorky.cz/
https://www.krkonose.eu/vylety",,2026-07-21
HUT-0018,Růžohorky,Česko,Krkonoše,Pec pod Sněžkou,3,"Velká Úpa, centrum",horská obec + autobus,,celoročně; vždy ověřit aktuální stav cest a dopravy,A,"https://www.ruzohorky.cz/
https://www.krkonose.eu/vylety",,2026-07-21
HUT-0019,Lesní bouda,Česko,Krkonoše,Pec pod Sněžkou,1,"Pec pod Sněžkou, centrum / autobusové nádraží",horské středisko + autobus + parkoviště,linkový autobus,celoročně; vždy ověřit aktuální stav cest a dopravy,B,"https://www.lesnibouda.cz/
https://www.krkonose.eu/vylety",,2026-07-21
HUT-0019,Lesní bouda,Česko,Krkonoše,Pec pod Sněžkou,2,"Janské Lázně, horní stanice kabinkové lanovky Černohorský Express",horní stanice lanovky,,celoročně; vždy ověřit aktuální stav cest a dopravy,B,"https://www.lesnibouda.cz/
https://www.krkonose.eu/vylety",,2026-07-21
HUT-0019,Lesní bouda,Česko,Krkonoše,Pec pod Sněžkou,3,"Černý Důl, centrum",horská obec + autobus,,celoročně; vždy ověřit aktuální stav cest a dopravy,B,"https://www.lesnibouda.cz/
https://www.krkonose.eu/vylety",,2026-07-21
HUT-0020,Lyžařská bouda,Česko,Krkonoše,Pec pod Sněžkou,1,"Pec pod Sněžkou, centrum / autobusové nádraží",horské středisko + autobus + parkoviště,linkový autobus,celoročně; vždy ověřit aktuální stav cest a dopravy,B,"https://www.lyzarskabouda.com/
https://www.krkonose.eu/vylety",,2026-07-21
HUT-0020,Lyžařská bouda,Česko,Krkonoše,Pec pod Sněžkou,2,"Janské Lázně, horní stanice kabinkové lanovky Černohorský Express",horní stanice lanovky,,celoročně; vždy ověřit aktuální stav cest a dopravy,B,"https://www.lyzarskabouda.com/
https://www.krkonose.eu/vylety",,2026-07-21
HUT-0020,Lyžařská bouda,Česko,Krkonoše,Pec pod Sněžkou,3,"Černý Důl, centrum",horská obec + autobus,,celoročně; vždy ověřit aktuální stav cest a dopravy,B,"https://www.lyzarskabouda.com/
https://www.krkonose.eu/vylety",,2026-07-21
HUT-0021,Pražská bouda,Česko,Krkonoše,Pec pod Sněžkou,1,"Pec pod Sněžkou, centrum / autobusové nádraží",horské středisko + autobus + parkoviště,linkový autobus,celoročně; vždy ověřit aktuální stav cest a dopravy,B,"https://www.prazskabouda.cz/
https://www.krkonose.eu/vylety",,2026-07-21
HUT-0021,Pražská bouda,Česko,Krkonoše,Pec pod Sněžkou,2,"Janské Lázně, horní stanice kabinkové lanovky Černohorský Express",horní stanice lanovky,,celoročně; vždy ověřit aktuální stav cest a dopravy,B,"https://www.prazskabouda.cz/
https://www.krkonose.eu/vylety",,2026-07-21
HUT-0021,Pražská bouda,Česko,Krkonoše,Pec pod Sněžkou,3,"Černý Důl, centrum",horská obec + autobus,,celoročně; vždy ověřit aktuální stav cest a dopravy,B,"https://www.prazskabouda.cz/
https://www.krkonose.eu/vylety",,2026-07-21
HUT-0022,Kolínská bouda,Česko,Krkonoše,Pec pod Sněžkou,1,"Pec pod Sněžkou, centrum / autobusové nádraží",horské středisko + autobus + parkoviště,linkový autobus,celoročně; vždy ověřit aktuální stav cest a dopravy,B,"https://www.kolinskabouda.cz/
https://www.krkonose.eu/vylety",,2026-07-21
HUT-0022,Kolínská bouda,Česko,Krkonoše,Pec pod Sněžkou,2,"Janské Lázně, horní stanice kabinkové lanovky Černohorský Express",horní stanice lanovky,,celoročně; vždy ověřit aktuální stav cest a dopravy,B,"https://www.kolinskabouda.cz/
https://www.krkonose.eu/vylety",,2026-07-21
HUT-0022,Kolínská bouda,Česko,Krkonoše,Pec pod Sněžkou,3,"Černý Důl, centrum",horská obec + autobus,,celoročně; vždy ověřit aktuální stav cest a dopravy,B,"https://www.kolinskabouda.cz/
https://www.krkonose.eu/vylety",,2026-07-21
HUT-0023,Černá bouda,Česko,Krkonoše,Janské Lázně,1,"Černá hora, horní stanice kabinkové lanovky Černohorský Express",horní stanice lanovky,kabinková lanovka z Janských Lázní,celoročně; vždy ověřit aktuální stav cest a dopravy,A,"https://www.cernabouda.cz/
https://www.krkonose.eu/vylety",,2026-07-21
HUT-0023,Černá bouda,Česko,Krkonoše,Janské Lázně,2,"Janské Lázně, dolní stanice lanovky",lázeňské středisko + autobus + parkoviště,,celoročně; vždy ověřit aktuální stav cest a dopravy,A,"https://www.cernabouda.cz/
https://www.krkonose.eu/vylety",,2026-07-21
HUT-0024,Hrnčířské boudy,Česko,Krkonoše,Pec pod Sněžkou,1,"Pec pod Sněžkou, centrum / autobusové nádraží",horské středisko + autobus + parkoviště,linkový autobus,celoročně; vždy ověřit aktuální stav cest a dopravy,B,https://www.krkonose.eu/vylety,,2026-07-21
HUT-0024,Hrnčířské boudy,Česko,Krkonoše,Pec pod Sněžkou,2,"Janské Lázně, horní stanice kabinkové lanovky Černohorský Express",horní stanice lanovky,,celoročně; vždy ověřit aktuální stav cest a dopravy,B,https://www.krkonose.eu/vylety,,2026-07-21
HUT-0024,Hrnčířské boudy,Česko,Krkonoše,Pec pod Sněžkou,3,"Černý Důl, centrum",horská obec + autobus,,celoročně; vždy ověřit aktuální stav cest a dopravy,B,https://www.krkonose.eu/vylety,,2026-07-21
HUT-0025,Friesovy boudy,Česko,Krkonoše,Strážné,1,"Strážné, lom / horní parkoviště",parkoviště na okraji horské obce,autobus do Strážného,celoročně; vždy ověřit aktuální stav cest a dopravy,B,"https://www.friesovyboudy.cz/
https://www.krkonose.eu/vylety",,2026-07-21
HUT-0025,Friesovy boudy,Česko,Krkonoše,Strážné,2,"Dolní Dvůr, centrum",horská obec + autobus,,celoročně; vždy ověřit aktuální stav cest a dopravy,B,"https://www.friesovyboudy.cz/
https://www.krkonose.eu/vylety",,2026-07-21
HUT-0026,Klínovka,Česko,Krkonoše,Špindlerův Mlýn,1,"Špindlerův Mlýn, Svatý Petr",horské středisko + autobus + parkoviště,místní autobus / skibus,celoročně; vždy ověřit aktuální stav cest a dopravy,B,"https://www.klinovka.cz/
https://www.krkonose.eu/vylety",,2026-07-21
HUT-0026,Klínovka,Česko,Krkonoše,Špindlerův Mlýn,2,"Strážné, centrum",horská obec + autobus,,celoročně; vždy ověřit aktuální stav cest a dopravy,B,"https://www.klinovka.cz/
https://www.krkonose.eu/vylety",,2026-07-21
HUT-0027,Chalupa Na Rozcestí,Česko,Krkonoše,Pec pod Sněžkou,1,"Pec pod Sněžkou, autobusové nádraží / parkoviště P1",horské středisko + autobus + parkoviště,linkový autobus,celoročně; vždy ověřit aktuální stav cest a dopravy,B,"https://www.chalupanarozcesti.cz/
https://www.krkonose.eu/vylety",,2026-07-21
HUT-0027,Chalupa Na Rozcestí,Česko,Krkonoše,Pec pod Sněžkou,2,"Strážné, centrum",horská obec + autobus,,celoročně; vždy ověřit aktuální stav cest a dopravy,B,"https://www.chalupanarozcesti.cz/
https://www.krkonose.eu/vylety",,2026-07-21
HUT-0027,Chalupa Na Rozcestí,Česko,Krkonoše,Pec pod Sněžkou,3,"Janské Lázně, horní stanice Černohorského Expressu",horní stanice lanovky,,celoročně; vždy ověřit aktuální stav cest a dopravy,B,"https://www.chalupanarozcesti.cz/
https://www.krkonose.eu/vylety",,2026-07-21
HUT-0028,Richtrovy boudy,Česko,Krkonoše,Pec pod Sněžkou,1,"Pec pod Sněžkou, autobusové nádraží / parkoviště P1",horské středisko + autobus + parkoviště,linkový autobus,celoročně; vždy ověřit aktuální stav cest a dopravy,A,"https://www.krkonose.eu/pres-modry-dul-na-vyrovku
https://www.richtrovyboudy.cz/
https://www.krkonose.eu/vylety",,2026-07-21
HUT-0029,Chata Pod Studničnou,Česko,Krkonoše,Pec pod Sněžkou,1,"Pec pod Sněžkou, centrum / autobusové nádraží",horské středisko + autobus + parkoviště,linkový autobus,celoročně; vždy ověřit aktuální stav cest a dopravy,A,https://www.krkonose.eu/vylety,,2026-07-21
HUT-0030,Lysečinská bouda,Česko,Krkonoše,Horní Maršov,1,"Horní Maršov, Horní Albeřice",horská obec + autobus + parkoviště,regionální autobus,celoročně; vždy ověřit aktuální stav cest a dopravy,B,"https://www.lysecinskabouda.cz/
https://www.krkonose.eu/vylety",,2026-07-21
HUT-0030,Lysečinská bouda,Česko,Krkonoše,Horní Maršov,2,"Pomezní Boudy, autobusová zastávka",hřebenové středisko + autobus,,celoročně; vždy ověřit aktuální stav cest a dopravy,B,"https://www.lysecinskabouda.cz/
https://www.krkonose.eu/vylety",,2026-07-21
HUT-0031,Šámalova chata,Česko,Jizerské hory,Bedřichov,1,"Bedřichov, stadion",hlavní turistická autobusová zastávka + parkoviště,MHD / regionální autobus; v sezóně turistické linky,celoročně; vždy ověřit aktuální stav cest a dopravy,A,"https://www.jizerky.cz/doprava
https://www.samalova-chata.cz/",,2026-07-21
HUT-0031,Šámalova chata,Česko,Jizerské hory,Bedřichov,2,"Bedřichov, Maliník",autobusová zastávka + parkoviště,,celoročně; vždy ověřit aktuální stav cest a dopravy,A,"https://www.jizerky.cz/doprava
https://www.samalova-chata.cz/",,2026-07-21
HUT-0032,Horská chata Smědava,Česko,Jizerské hory,Bílý Potok,1,"Smědava, autobusová zastávka / parkoviště",horská autobusová zastávka + parkoviště,celoroční linka z Hejnic; sezónní posily,celoročně; vždy ověřit aktuální stav cest a dopravy,A,"https://www.jizerky.cz/aktuality/jizerky-v-lete-sezonni-linky-vas-vyvezou-za-zazitky-i-s-kolem
https://www.smedava.com/
https://www.jizerky.cz/doprava",,2026-07-21
HUT-0032,Horská chata Smědava,Česko,Jizerské hory,Bílý Potok,2,"Bílý Potok pod Smrkem, železniční stanice",vlak + pěší nástup,,celoročně; vždy ověřit aktuální stav cest a dopravy,A,"https://www.jizerky.cz/aktuality/jizerky-v-lete-sezonni-linky-vas-vyvezou-za-zazitky-i-s-kolem
https://www.smedava.com/
https://www.jizerky.cz/doprava",,2026-07-21
HUT-0033,Prezidentská chata,Česko,Jizerské hory,Bedřichov,1,"Bedřichov, stadion",hlavní turistická autobusová zastávka + parkoviště,MHD / regionální autobus; v sezóně turistické linky,celoročně; vždy ověřit aktuální stav cest a dopravy,A,"https://www.jizerky.cz/doprava
https://www.prezidentska.cz/",,2026-07-21
HUT-0033,Prezidentská chata,Česko,Jizerské hory,Bedřichov,2,"Bedřichov, Maliník",autobusová zastávka + parkoviště,,celoročně; vždy ověřit aktuální stav cest a dopravy,A,"https://www.jizerky.cz/doprava
https://www.prezidentska.cz/",,2026-07-21
HUT-0034,Královka,Česko,Jizerské hory,Janov nad Nisou,1,"Janov nad Nisou, Hrabětice / Královka",horská autobusová zastávka + parkoviště,regionální autobus,celoročně; vždy ověřit aktuální stav cest a dopravy,A,"https://www.kralovka.cz/
https://www.jizerky.cz/doprava",,2026-07-21
HUT-0034,Královka,Česko,Jizerské hory,Janov nad Nisou,2,"Bedřichov, stadion",hlavní turistická autobusová zastávka + parkoviště,,celoročně; vždy ověřit aktuální stav cest a dopravy,A,"https://www.kralovka.cz/
https://www.jizerky.cz/doprava",,2026-07-21
HUT-0035,Hřebínek,Česko,Jizerské hory,Bedřichov,1,"Bedřichov, stadion",hlavní turistická autobusová zastávka + parkoviště,MHD / regionální autobus; v sezóně turistické linky,celoročně; vždy ověřit aktuální stav cest a dopravy,A,https://www.jizerky.cz/doprava,,2026-07-21
HUT-0035,Hřebínek,Česko,Jizerské hory,Bedřichov,2,"Bedřichov, Maliník",autobusová zastávka + parkoviště,,celoročně; vždy ověřit aktuální stav cest a dopravy,A,https://www.jizerky.cz/doprava,,2026-07-21
HUT-0036,Kiosek Knajpa,Česko,Jizerské hory,Hejnice,1,"Smědava, autobusová zastávka / parkoviště",horská autobusová zastávka + parkoviště,autobus z Hejnic,celoročně; vždy ověřit aktuální stav cest a dopravy,B,https://www.jizerky.cz/doprava,,2026-07-21
HUT-0036,Kiosek Knajpa,Česko,Jizerské hory,Hejnice,2,"Bedřichov, stadion",hlavní turistická autobusová zastávka + parkoviště,,celoročně; vždy ověřit aktuální stav cest a dopravy,B,https://www.jizerky.cz/doprava,,2026-07-21
HUT-0037,Pyramida Jizerka,Česko,Jizerské hory,Kořenov,1,"Jizerka, Mořina – autobusová zastávka / parkoviště",horská osada + sezónní autobus + parkoviště,sezónní turistické autobusy,celoročně; vždy ověřit aktuální stav cest a dopravy,A,"https://www.pyramida-jizerka.cz/
https://www.jizerky.cz/doprava",,2026-07-21
HUT-0037,Pyramida Jizerka,Česko,Jizerské hory,Kořenov,2,"Kořenov, železniční stanice",vlak + obec,,celoročně; vždy ověřit aktuální stav cest a dopravy,A,"https://www.pyramida-jizerka.cz/
https://www.jizerky.cz/doprava",,2026-07-21
HUT-0037,Pyramida Jizerka,Česko,Jizerské hory,Kořenov,3,"Jakuszyce, Polana Jakuszycka",vlak + přeshraniční turistický uzel,,celoročně; vždy ověřit aktuální stav cest a dopravy,A,"https://www.pyramida-jizerka.cz/
https://www.jizerky.cz/doprava",,2026-07-21
HUT-0038,Chata Jizerka,Česko,Jizerské hory,Kořenov,1,"Jizerka, Mořina – autobusová zastávka / parkoviště",horská osada + sezónní autobus + parkoviště,sezónní turistické autobusy,celoročně; vždy ověřit aktuální stav cest a dopravy,A,https://www.jizerky.cz/doprava,,2026-07-21
HUT-0038,Chata Jizerka,Česko,Jizerské hory,Kořenov,2,"Kořenov, železniční stanice",vlak + obec,,celoročně; vždy ověřit aktuální stav cest a dopravy,A,https://www.jizerky.cz/doprava,,2026-07-21
HUT-0038,Chata Jizerka,Česko,Jizerské hory,Kořenov,3,"Jakuszyce, Polana Jakuszycka",vlak + přeshraniční turistický uzel,,celoročně; vždy ověřit aktuální stav cest a dopravy,A,https://www.jizerky.cz/doprava,,2026-07-21
HUT-0039,Pešákovna,Česko,Jizerské hory,Kořenov,1,"Jizerka, Mořina – autobusová zastávka / parkoviště",horská osada + sezónní autobus + parkoviště,sezónní turistické autobusy,celoročně; vždy ověřit aktuální stav cest a dopravy,A,"https://www.pesakovna.cz/
https://www.jizerky.cz/doprava",,2026-07-21
HUT-0039,Pešákovna,Česko,Jizerské hory,Kořenov,2,"Kořenov, železniční stanice",vlak + obec,,celoročně; vždy ověřit aktuální stav cest a dopravy,A,"https://www.pesakovna.cz/
https://www.jizerky.cz/doprava",,2026-07-21
HUT-0039,Pešákovna,Česko,Jizerské hory,Kořenov,3,"Jakuszyce, Polana Jakuszycka",vlak + přeshraniční turistický uzel,,celoročně; vždy ověřit aktuální stav cest a dopravy,A,"https://www.pesakovna.cz/
https://www.jizerky.cz/doprava",,2026-07-21
HUT-0040,Bártlova bouda,Česko,Jizerské hory,Bílý Potok,1,"Bílý Potok, Bártlova bouda – autobusová zastávka / parkoviště",autobusová zastávka + parkoviště,regionální autobus,celoročně; vždy ověřit aktuální stav cest a dopravy,A,"https://www.bartlovabouda.cz/
https://www.jizerky.cz/doprava",,2026-07-21
HUT-0040,Bártlova bouda,Česko,Jizerské hory,Bílý Potok,2,"Bílý Potok pod Smrkem, železniční stanice",vlak,,celoročně; vždy ověřit aktuální stav cest a dopravy,A,"https://www.bartlovabouda.cz/
https://www.jizerky.cz/doprava",,2026-07-21
HUT-0041,Hubertka,Česko,Jizerské hory,Lázně Libverda,1,"Lázně Libverda, centrum / autobusová zastávka",lázeňské místo + autobus + parkoviště,regionální autobus,celoročně; vždy ověřit aktuální stav cest a dopravy,B,https://www.jizerky.cz/doprava,,2026-07-21
HUT-0041,Hubertka,Česko,Jizerské hory,Lázně Libverda,2,"Hejnice, železniční stanice",vlak + turistické město,,celoročně; vždy ověřit aktuální stav cest a dopravy,B,https://www.jizerky.cz/doprava,,2026-07-21
HUT-0042,Chata Pláně pod Ještědem,Česko,Ještědský hřbet,Liberec,1,"Liberec-Horní Hanychov, konečná tramvaje",MHD tramvaj + turistický uzel,tramvaj MHD; sedačková lanovka Skalka jako zkrácení,celoročně; vždy ověřit aktuální stav cest a dopravy,A,"https://www.jested.cz/cs/kontakty
https://www.chataplane.cz/",,2026-07-21
HUT-0042,Chata Pláně pod Ještědem,Česko,Ještědský hřbet,Liberec,2,"Skalka, horní stanice sedačkové lanovky",horní stanice lanovky,,celoročně; vždy ověřit aktuální stav cest a dopravy,A,"https://www.jested.cz/cs/kontakty
https://www.chataplane.cz/",,2026-07-21
HUT-0042,Chata Pláně pod Ještědem,Česko,Ještědský hřbet,Liberec,3,"Světlá pod Ještědem, parkoviště",obec + parkoviště,,celoročně; vždy ověřit aktuální stav cest a dopravy,A,"https://www.jested.cz/cs/kontakty
https://www.chataplane.cz/",,2026-07-21
HUT-0043,Horský hotel Ještěd,Česko,Ještědský hřbet,Liberec,1,"Liberec-Horní Hanychov, konečná tramvaje",MHD tramvaj + turistický uzel,tramvaj MHD; sezónní turistický autobus č. 79 k Ještědce,turistický autobus a lanovka Skalka jsou sezónní; původní kabinová lanovka na Ještěd je mimo provoz,A,"https://www.jested.cz/cs/kontakty
https://www.jested.cz/",,2026-07-21
HUT-0043,Horský hotel Ještěd,Česko,Ještědský hřbet,Liberec,2,"Ještědka, konečná turistického autobusu č. 79",sezónní turistický autobus,,turistický autobus a lanovka Skalka jsou sezónní; původní kabinová lanovka na Ještěd je mimo provoz,A,"https://www.jested.cz/cs/kontakty
https://www.jested.cz/",,2026-07-21
HUT-0043,Horský hotel Ještěd,Česko,Ještědský hřbet,Liberec,3,"Skalka, horní stanice sedačkové lanovky",horní stanice lanovky + hřebenová cesta,,turistický autobus a lanovka Skalka jsou sezónní; původní kabinová lanovka na Ještěd je mimo provoz,A,"https://www.jested.cz/cs/kontakty
https://www.jested.cz/",,2026-07-21
HUT-0044,Chata Luž,Česko,Lužické hory,Mařenice,1,"Horní Světlá, Myslivny – parkoviště / autobusová zastávka",horská osada + parkoviště + autobus,regionální autobus,celoročně; vždy ověřit aktuální stav cest a dopravy,B,"https://www.chataluz.cz/
https://www.luzihory.cz/",,2026-07-21
HUT-0044,Chata Luž,Česko,Lužické hory,Mařenice,2,"Waltersdorf, Parkplatz Jonsdorfer Straße",přeshraniční parkoviště + autobus,,celoročně; vždy ověřit aktuální stav cest a dopravy,B,"https://www.chataluz.cz/
https://www.luzihory.cz/",,2026-07-21
HUT-0045,Tolštejnská chata,Česko,Lužické hory,Jiřetín pod Jedlovou,1,"Jiřetín pod Jedlovou, náměstí / autobusová zastávka",turistická obec + autobus + parkoviště,vlak a autobus v širším okolí,celoročně; vždy ověřit aktuální stav cest a dopravy,A,"https://www.tolstejn.cz/
https://www.luzihory.cz/",,2026-07-21
HUT-0045,Tolštejnská chata,Česko,Lužické hory,Jiřetín pod Jedlovou,2,"Jedlová, železniční stanice",vlak + turistický uzel,,celoročně; vždy ověřit aktuální stav cest a dopravy,A,"https://www.tolstejn.cz/
https://www.luzihory.cz/",,2026-07-21
HUT-0046,Chata Jedlová,Česko,Lužické hory,Jiřetín pod Jedlovou,1,"Jiřetín pod Jedlovou, náměstí / autobusová zastávka",turistická obec + autobus + parkoviště,vlak a autobus v širším okolí,celoročně; vždy ověřit aktuální stav cest a dopravy,A,https://www.luzihory.cz/,,2026-07-21
HUT-0046,Chata Jedlová,Česko,Lužické hory,Jiřetín pod Jedlovou,2,"Jedlová, železniční stanice",vlak + turistický uzel,,celoročně; vždy ověřit aktuální stav cest a dopravy,A,https://www.luzihory.cz/,,2026-07-21
HUT-0047,Masarykova chata na Šerlichu,Česko,Orlické hory,Deštné v Orlických horách,1,"Šerlich, autobusová zastávka / parkoviště",horský průsmyk + autobus + parkoviště,turistické a regionální autobusy,celoročně; vždy ověřit aktuální stav cest a dopravy,A,"https://www.masarykovachata.cz/
https://www.orlickehory.eu/",,2026-07-21
HUT-0047,Masarykova chata na Šerlichu,Česko,Orlické hory,Deštné v Orlických horách,2,"Deštné v Orlických horách, centrum",horské středisko + autobus,,celoročně; vždy ověřit aktuální stav cest a dopravy,A,"https://www.masarykovachata.cz/
https://www.orlickehory.eu/",,2026-07-21
HUT-0048,Chata Na Čiháku,Česko,Orlické hory,Klášterec nad Orlicí,1,"Čihák, autobusová zastávka / parkoviště",horská osada + autobus + parkoviště,regionální autobus podle sezóny,celoročně; vždy ověřit aktuální stav cest a dopravy,B,"https://www.nacihaku.cz/
https://www.orlickehory.eu/",,2026-07-21
HUT-0048,Chata Na Čiháku,Česko,Orlické hory,Klášterec nad Orlicí,2,"Klášterec nad Orlicí, centrum",obec + autobus,,celoročně; vždy ověřit aktuální stav cest a dopravy,B,"https://www.nacihaku.cz/
https://www.orlickehory.eu/",,2026-07-21
HUT-0049,Jiráskova chata na Dobrošově,Česko,Orlické hory,Náchod,1,"Dobrošov, autobusová zastávka / parkoviště",výletní místo + autobus + parkoviště,MHD / regionální autobus z Náchoda,celoročně; vždy ověřit aktuální stav cest a dopravy,A,"https://www.jiraskovachata.cz/
https://www.orlickehory.eu/",,2026-07-21
HUT-0049,Jiráskova chata na Dobrošově,Česko,Orlické hory,Náchod,2,"Náchod, železniční stanice",vlak + město,,celoročně; vždy ověřit aktuální stav cest a dopravy,A,"https://www.jiraskovachata.cz/
https://www.orlickehory.eu/",,2026-07-21
HUT-0050,Kačenčina chata,Česko,Orlické hory,Deštné v Orlických horách,1,"Šerlich, autobusová zastávka / parkoviště",horský průsmyk + autobus + parkoviště,turistické a regionální autobusy,celoročně; vždy ověřit aktuální stav cest a dopravy,B,https://www.orlickehory.eu/,,2026-07-21
HUT-0050,Kačenčina chata,Česko,Orlické hory,Deštné v Orlických horách,2,"Deštné v Orlických horách, centrum",horské středisko + autobus,,celoročně; vždy ověřit aktuální stav cest a dopravy,B,https://www.orlickehory.eu/,,2026-07-21
HUT-0051,Chata Hanička,Česko,Orlické hory,Rokytnice v Orlických horách,1,"Panské Pole, parkoviště / autobusová zastávka",parkoviště + autobusová zastávka,regionální autobus,celoročně; vždy ověřit aktuální stav cest a dopravy,B,https://www.orlickehory.eu/,,2026-07-21
HUT-0051,Chata Hanička,Česko,Orlické hory,Rokytnice v Orlických horách,2,"Rokytnice v Orlických horách, železniční stanice",vlak + město,,celoročně; vždy ověřit aktuální stav cest a dopravy,B,https://www.orlickehory.eu/,,2026-07-21
HUT-0052,Kramářova chata na Suchém vrchu,Česko,Bukovohorská hornatina,Orličky,1,"Červenovodské sedlo, autobusová zastávka / parkoviště",horský průsmyk + autobus + parkoviště,regionální autobus,celoročně; vždy ověřit aktuální stav cest a dopravy,B,https://www.suchak.cz/,,2026-07-21
HUT-0052,Kramářova chata na Suchém vrchu,Česko,Bukovohorská hornatina,Orličky,2,"Orličky, centrum",obec + autobus,,celoročně; vždy ověřit aktuální stav cest a dopravy,B,https://www.suchak.cz/,,2026-07-21
HUT-0053,Chata Návrší,Česko,Králický Sněžník,Staré Město pod Sněžníkem,1,"Stříbrnice, konečná autobusu / parkoviště",horská obec + autobus + parkoviště,regionální autobus,celoročně; vždy ověřit aktuální stav cest a dopravy,A,"https://www.navrsi.cz/
https://www.dolnimorava.cz/",,2026-07-21
HUT-0053,Chata Návrší,Česko,Králický Sněžník,Staré Město pod Sněžníkem,2,"Staré Město pod Sněžníkem, železniční stanice",vlak + město,,celoročně; vždy ověřit aktuální stav cest a dopravy,A,"https://www.navrsi.cz/
https://www.dolnimorava.cz/",,2026-07-21
HUT-0054,Chata Slaměnka,Česko,Králický Sněžník,Dolní Morava,1,"Dolní Morava, horní stanice lanovky Sněžník",horní stanice lanovky,lanovka z resortu Dolní Morava,celoročně; vždy ověřit aktuální stav cest a dopravy,A,"https://www.slamenka.cz/
https://www.dolnimorava.cz/",,2026-07-21
HUT-0054,Chata Slaměnka,Česko,Králický Sněžník,Dolní Morava,2,"Dolní Morava, centrum / parkoviště u lanovky",horské středisko + autobus + parkoviště,,celoročně; vždy ověřit aktuální stav cest a dopravy,A,"https://www.slamenka.cz/
https://www.dolnimorava.cz/",,2026-07-21
HUT-0055,Horská chata Paprsek,Česko,Rychlebské hory,Staré Město pod Sněžníkem,1,"Velké Vrbno / Paprsek, parkoviště",horská osada + parkoviště,sezónní autobus v širší oblasti,celoročně; vždy ověřit aktuální stav cest a dopravy,B,"https://www.paprsek.net/
https://jeseniky.cz/cz/vylety/",,2026-07-21
HUT-0055,Horská chata Paprsek,Česko,Rychlebské hory,Staré Město pod Sněžníkem,2,"Petříkov, konečná autobusu / parkoviště",horské středisko + autobus + parkoviště,,celoročně; vždy ověřit aktuální stav cest a dopravy,B,"https://www.paprsek.net/
https://jeseniky.cz/cz/vylety/",,2026-07-21
HUT-0055,Horská chata Paprsek,Česko,Rychlebské hory,Staré Město pod Sněžníkem,3,"Ramzová, železniční stanice",vlak + lanovka,,celoročně; vždy ověřit aktuální stav cest a dopravy,B,"https://www.paprsek.net/
https://jeseniky.cz/cz/vylety/",,2026-07-21
HUT-0056,Chata Jiřího na Šeráku,Česko,Hrubý Jeseník,Ramzová,1,"Ramzová, železniční stanice / dolní stanice lanovky",vlak + autobus + dolní stanice lanovky + parkoviště,sedačková lanovka Ramzová–Čerňava–Šerák,celoročně; vždy ověřit aktuální stav cest a dopravy,A,"https://www.chataserak.cz/
https://jeseniky.cz/cz/vylety/",,2026-07-21
HUT-0056,Chata Jiřího na Šeráku,Česko,Hrubý Jeseník,Ramzová,2,"Čerňava, mezistanice lanovky",mezistanice lanovky,,celoročně; vždy ověřit aktuální stav cest a dopravy,A,"https://www.chataserak.cz/
https://jeseniky.cz/cz/vylety/",,2026-07-21
HUT-0056,Chata Jiřího na Šeráku,Česko,Hrubý Jeseník,Ramzová,3,"Lipová-lázně, Horní Lipová",vlak + obec,,celoročně; vždy ověřit aktuální stav cest a dopravy,A,"https://www.chataserak.cz/
https://jeseniky.cz/cz/vylety/",,2026-07-21
HUT-0057,Chata Kladské sedlo,Česko,Králický Sněžník,Staré Město pod Sněžníkem,1,"Kladské sedlo, autobusová zastávka / parkoviště",horský průsmyk + autobus + parkoviště,sezónní / regionální autobus podle jízdního řádu,celoročně; vždy ověřit aktuální stav cest a dopravy,B,https://www.dolnimorava.cz/,,2026-07-21
HUT-0057,Chata Kladské sedlo,Česko,Králický Sněžník,Staré Město pod Sněžníkem,2,"Staré Město pod Sněžníkem, železniční stanice",vlak + město,,celoročně; vždy ověřit aktuální stav cest a dopravy,B,https://www.dolnimorava.cz/,,2026-07-21
HUT-0058,Horská chata Sněžník,Česko,Králický Sněžník,Dolní Morava,1,"Dolní Morava, centrum / hlavní parkoviště",horské středisko + autobus + parkoviště,regionální autobus,celoročně; vždy ověřit aktuální stav cest a dopravy,A,https://www.dolnimorava.cz/,,2026-07-21
HUT-0059,Švýcárna,Česko,Hrubý Jeseník,Loučná nad Desnou,1,"Ovčárna, autobusová zastávka",horská autobusová zastávka,kyvadlový autobus z parkoviště Hvězda,celoročně; vždy ověřit aktuální stav cest a dopravy,A,"https://jeseniky.cz/cz/vylety/55-cervenohorske-sedlo-praded.html
https://www.svycarna.cz/
https://jeseniky.cz/cz/vylety/",,2026-07-21
HUT-0059,Švýcárna,Česko,Hrubý Jeseník,Loučná nad Desnou,2,"Červenohorské sedlo, autobusová zastávka / parkoviště",horský průsmyk + autobus + parkoviště,,celoročně; vždy ověřit aktuální stav cest a dopravy,A,"https://jeseniky.cz/cz/vylety/55-cervenohorske-sedlo-praded.html
https://www.svycarna.cz/
https://jeseniky.cz/cz/vylety/",,2026-07-21
HUT-0060,Ovčárna,Česko,Hrubý Jeseník,Karlova Studánka,1,"Ovčárna, autobusová zastávka",horská autobusová zastávka,kyvadlový autobus z parkoviště Hvězda,celoročně; vždy ověřit aktuální stav cest a dopravy,A,"https://www.ovcarna-praded.cz/
https://jeseniky.cz/cz/vylety/",,2026-07-21
HUT-0060,Ovčárna,Česko,Hrubý Jeseník,Karlova Studánka,2,"Hvězda u Karlovy Studánky, parkoviště a autobus",záchytné parkoviště + autobus,,celoročně; vždy ověřit aktuální stav cest a dopravy,A,"https://www.ovcarna-praded.cz/
https://jeseniky.cz/cz/vylety/",,2026-07-21
HUT-0061,Chata Barborka,Česko,Hrubý Jeseník,Karlova Studánka,1,"Ovčárna, autobusová zastávka",horská autobusová zastávka,kyvadlový autobus z parkoviště Hvězda,celoročně; vždy ověřit aktuální stav cest a dopravy,A,"https://www.hotelbarborka.cz/
https://jeseniky.cz/cz/vylety/",,2026-07-21
HUT-0061,Chata Barborka,Česko,Hrubý Jeseník,Karlova Studánka,2,"Hvězda u Karlovy Studánky, parkoviště a autobus",záchytné parkoviště + autobus,,celoročně; vždy ověřit aktuální stav cest a dopravy,A,"https://www.hotelbarborka.cz/
https://jeseniky.cz/cz/vylety/",,2026-07-21
HUT-0062,Kurzovní chata,Česko,Hrubý Jeseník,Karlova Studánka,1,"Ovčárna, autobusová zastávka",horská autobusová zastávka,kyvadlový autobus z parkoviště Hvězda,celoročně; vždy ověřit aktuální stav cest a dopravy,A,"https://www.kurzovni.cz/
https://jeseniky.cz/cz/vylety/",,2026-07-21
HUT-0062,Kurzovní chata,Česko,Hrubý Jeseník,Karlova Studánka,2,"Hvězda u Karlovy Studánky, parkoviště a autobus",záchytné parkoviště + autobus,,celoročně; vždy ověřit aktuální stav cest a dopravy,A,"https://www.kurzovni.cz/
https://jeseniky.cz/cz/vylety/",,2026-07-21
HUT-0063,Hotel Praděd,Česko,Hrubý Jeseník,Karlova Studánka,1,"Ovčárna, autobusová zastávka",horská autobusová zastávka,kyvadlový autobus z parkoviště Hvězda,celoročně; vždy ověřit aktuální stav cest a dopravy,A,"https://www.praded.eu/
https://jeseniky.cz/cz/vylety/",,2026-07-21
HUT-0063,Hotel Praděd,Česko,Hrubý Jeseník,Karlova Studánka,2,"Červenohorské sedlo, autobusová zastávka / parkoviště",horský průsmyk + autobus + parkoviště,,celoročně; vždy ověřit aktuální stav cest a dopravy,A,"https://www.praded.eu/
https://jeseniky.cz/cz/vylety/",,2026-07-21
HUT-0064,Horský hotel Figura,Česko,Hrubý Jeseník,Karlova Studánka,1,"Ovčárna, autobusová zastávka",horská autobusová zastávka,kyvadlový autobus z parkoviště Hvězda,celoročně; vždy ověřit aktuální stav cest a dopravy,A,"https://www.figura.cz/
https://jeseniky.cz/cz/vylety/",,2026-07-21
HUT-0064,Horský hotel Figura,Česko,Hrubý Jeseník,Karlova Studánka,2,"Hvězda u Karlovy Studánky, parkoviště a autobus",záchytné parkoviště + autobus,,celoročně; vždy ověřit aktuální stav cest a dopravy,A,"https://www.figura.cz/
https://jeseniky.cz/cz/vylety/",,2026-07-21
HUT-0065,Chata Sabinka,Česko,Hrubý Jeseník,Karlova Studánka,1,"Ovčárna, autobusová zastávka",horská autobusová zastávka,kyvadlový autobus z parkoviště Hvězda,celoročně; vždy ověřit aktuální stav cest a dopravy,A,https://jeseniky.cz/cz/vylety/,,2026-07-21
HUT-0065,Chata Sabinka,Česko,Hrubý Jeseník,Karlova Studánka,2,"Hvězda u Karlovy Studánky, parkoviště a autobus",záchytné parkoviště + autobus,,celoročně; vždy ověřit aktuální stav cest a dopravy,A,https://jeseniky.cz/cz/vylety/,,2026-07-21
HUT-0066,Červenohorské sedlo,Česko,Hrubý Jeseník,Loučná nad Desnou,1,"Červenohorské sedlo, autobusová zastávka / parkoviště",horský průsmyk + autobus + parkoviště,dálkové i regionální autobusy,celoročně; vždy ověřit aktuální stav cest a dopravy,A,"https://www.hotelchs.cz/
https://jeseniky.cz/cz/vylety/",,2026-07-21
HUT-0067,Motorest Skřítek,Česko,Hraběšická hornatina,Sobotín,1,"Skřítek, motorest – autobusová zastávka / parkoviště",horský průsmyk + autobus + parkoviště,regionální autobus,celoročně; vždy ověřit aktuální stav cest a dopravy,A,https://jeseniky.cz/cz/vylety/,,2026-07-21
HUT-0068,Chata Rejvíz,Česko,Zlatohorská vrchovina,Zlaté Hory,1,"Rejvíz, autobusová zastávka / centrální parkoviště",horská osada + autobus + parkoviště,regionální autobus,celoročně; vždy ověřit aktuální stav cest a dopravy,A,"https://www.rejviz.com/
https://jeseniky.cz/cz/vylety/",,2026-07-21
HUT-0068,Chata Rejvíz,Česko,Zlatohorská vrchovina,Zlaté Hory,2,"Zlaté Hory, autobusové nádraží",město + autobus,,celoročně; vždy ověřit aktuální stav cest a dopravy,A,"https://www.rejviz.com/
https://jeseniky.cz/cz/vylety/",,2026-07-21
HUT-0069,Chata Ramzová,Česko,Hrubý Jeseník,Ostružná,1,"Ramzová, železniční stanice",vlak + autobus + horské středisko,vlak a autobus,celoročně; vždy ověřit aktuální stav cest a dopravy,A,https://jeseniky.cz/cz/vylety/,,2026-07-21
HUT-0070,Horská chata Smrčník,Česko,Rychlebské hory,Lipová-lázně,1,"Lipová-lázně, Horní Lipová – železniční stanice",vlak + obec,vlak,celoročně; vždy ověřit aktuální stav cest a dopravy,B,https://jeseniky.cz/cz/vylety/,,2026-07-21
HUT-0070,Horská chata Smrčník,Česko,Rychlebské hory,Lipová-lázně,2,"Lipová-lázně, centrum",lázeňská obec + autobus,,celoročně; vždy ověřit aktuální stav cest a dopravy,B,https://jeseniky.cz/cz/vylety/,,2026-07-21
HUT-0071,Horská chata Férovka,Česko,Zlatohorská vrchovina,Zlaté Hory,1,"Rejvíz, autobusová zastávka / centrální parkoviště",horská osada + autobus + parkoviště,regionální autobus,celoročně; vždy ověřit aktuální stav cest a dopravy,A,https://jeseniky.cz/cz/vylety/,,2026-07-21
HUT-0071,Horská chata Férovka,Česko,Zlatohorská vrchovina,Zlaté Hory,2,"Zlaté Hory, autobusové nádraží",město + autobus,,celoročně; vždy ověřit aktuální stav cest a dopravy,A,https://jeseniky.cz/cz/vylety/,,2026-07-21
HUT-0072,Horská chata Kaste,Česko,Rychlebské hory,Petříkov,1,"Petříkov, konečná autobusu / parkoviště",horské středisko + autobus + parkoviště,regionální autobus,celoročně; vždy ověřit aktuální stav cest a dopravy,B,https://jeseniky.cz/cz/vylety/,,2026-07-21
HUT-0072,Horská chata Kaste,Česko,Rychlebské hory,Petříkov,2,"Ramzová, železniční stanice",vlak + horské středisko,,celoročně; vždy ověřit aktuální stav cest a dopravy,B,https://jeseniky.cz/cz/vylety/,,2026-07-21
HUT-0073,Bezručova chata na Lysé hoře,Česko,Moravskoslezské Beskydy,Ostravice,1,"Ostravice, železniční stanice",vlak + hlavní turistický uzel,vlak a autobus,celoročně; vždy ověřit aktuální stav cest a dopravy,A,"https://www.beskydyportal.cz/en/trasa/-from-ostravice-via-butoranka
https://www.bezrucovachata.cz/
https://www.beskydyportal.cz/cz/trasy",,2026-07-21
HUT-0073,Bezručova chata na Lysé hoře,Česko,Moravskoslezské Beskydy,Ostravice,2,"Malenovice, Rajská bouda / parkoviště",autobusová zastávka + parkoviště,,celoročně; vždy ověřit aktuální stav cest a dopravy,A,"https://www.beskydyportal.cz/en/trasa/-from-ostravice-via-butoranka
https://www.bezrucovachata.cz/
https://www.beskydyportal.cz/cz/trasy",,2026-07-21
HUT-0073,Bezručova chata na Lysé hoře,Česko,Moravskoslezské Beskydy,Ostravice,3,"Krásná, Visalaje – autobusová zastávka",horská autobusová zastávka,,celoročně; vždy ověřit aktuální stav cest a dopravy,A,"https://www.beskydyportal.cz/en/trasa/-from-ostravice-via-butoranka
https://www.bezrucovachata.cz/
https://www.beskydyportal.cz/cz/trasy",,2026-07-21
HUT-0074,Chata Emil Zátopek - Maraton,Česko,Moravskoslezské Beskydy,Ostravice,1,"Ostravice, železniční stanice",vlak + hlavní turistický uzel,vlak a autobus,celoročně; vždy ověřit aktuální stav cest a dopravy,A,"https://www.beskydyportal.cz/en/trasa/-from-ostravice-via-butoranka
https://www.chatalysahora.cz/
https://www.beskydyportal.cz/cz/trasy",,2026-07-21
HUT-0074,Chata Emil Zátopek - Maraton,Česko,Moravskoslezské Beskydy,Ostravice,2,"Malenovice, Rajská bouda / parkoviště",autobusová zastávka + parkoviště,,celoročně; vždy ověřit aktuální stav cest a dopravy,A,"https://www.beskydyportal.cz/en/trasa/-from-ostravice-via-butoranka
https://www.chatalysahora.cz/
https://www.beskydyportal.cz/cz/trasy",,2026-07-21
HUT-0074,Chata Emil Zátopek - Maraton,Česko,Moravskoslezské Beskydy,Ostravice,3,"Krásná, Visalaje – autobusová zastávka",horská autobusová zastávka,,celoročně; vždy ověřit aktuální stav cest a dopravy,A,"https://www.beskydyportal.cz/en/trasa/-from-ostravice-via-butoranka
https://www.chatalysahora.cz/
https://www.beskydyportal.cz/cz/trasy",,2026-07-21
HUT-0075,Chata Prašivá,Česko,Moravskoslezské Beskydy,Vyšní Lhoty,1,"Vyšní Lhoty, Oblesky – parkoviště / autobusová zastávka",parkoviště + autobusová zastávka,regionální autobus,celoročně; vždy ověřit aktuální stav cest a dopravy,B,"https://www.chataprasiva.cz/
https://www.beskydyportal.cz/cz/trasy",,2026-07-21
HUT-0075,Chata Prašivá,Česko,Moravskoslezské Beskydy,Vyšní Lhoty,2,"Komorní Lhotka, centrum",obec + autobus,,celoročně; vždy ověřit aktuální stav cest a dopravy,B,"https://www.chataprasiva.cz/
https://www.beskydyportal.cz/cz/trasy",,2026-07-21
HUT-0076,Chata Kotař,Česko,Moravskoslezské Beskydy,Komorní Lhotka,1,"Komorní Lhotka, centrum / parkoviště",obec + autobus + parkoviště,regionální autobus,celoročně; vždy ověřit aktuální stav cest a dopravy,B,"https://www.chata-kotar.cz/
https://www.beskydyportal.cz/cz/trasy",,2026-07-21
HUT-0076,Chata Kotař,Česko,Moravskoslezské Beskydy,Komorní Lhotka,2,"Morávka, Lipový – autobusová zastávka",horská autobusová zastávka,,celoročně; vždy ověřit aktuální stav cest a dopravy,B,"https://www.chata-kotar.cz/
https://www.beskydyportal.cz/cz/trasy",,2026-07-21
HUT-0077,Chata Ropička,Česko,Moravskoslezské Beskydy,Řeka,1,"Řeka, konečná autobusu / parkoviště",horská obec + autobus + parkoviště,regionální autobus,celoročně; vždy ověřit aktuální stav cest a dopravy,B,"https://www.ropicka.cz/
https://www.beskydyportal.cz/cz/trasy",,2026-07-21
HUT-0077,Chata Ropička,Česko,Moravskoslezské Beskydy,Řeka,2,"Komorní Lhotka, centrum",obec + autobus,,celoročně; vždy ověřit aktuální stav cest a dopravy,B,"https://www.ropicka.cz/
https://www.beskydyportal.cz/cz/trasy",,2026-07-21
HUT-0078,Chata Slavíč,Česko,Moravskoslezské Beskydy,Horní Lomná,1,"Horní Lomná, Přelač – autobusová zastávka",horská autobusová zastávka + parkoviště,regionální autobus,celoročně; vždy ověřit aktuální stav cest a dopravy,B,"https://www.chataslavic.cz/
https://www.beskydyportal.cz/cz/trasy",,2026-07-21
HUT-0078,Chata Slavíč,Česko,Moravskoslezské Beskydy,Horní Lomná,2,"Horní Lomná, centrum",obec + autobus,,celoročně; vždy ověřit aktuální stav cest a dopravy,B,"https://www.chataslavic.cz/
https://www.beskydyportal.cz/cz/trasy",,2026-07-21
HUT-0079,Chata Kamenitý,Česko,Moravskoslezské Beskydy,Dolní Lomná,1,"Dolní Lomná, Matyščina louka / konečná autobusu",horská autobusová zastávka + parkoviště,regionální autobus,celoročně; vždy ověřit aktuální stav cest a dopravy,B,"https://www.kamenity.cz/
https://www.beskydyportal.cz/cz/trasy",,2026-07-21
HUT-0079,Chata Kamenitý,Česko,Moravskoslezské Beskydy,Dolní Lomná,2,"Mosty u Jablunkova, železniční stanice",vlak + obec,,celoročně; vždy ověřit aktuální stav cest a dopravy,B,"https://www.kamenity.cz/
https://www.beskydyportal.cz/cz/trasy",,2026-07-21
HUT-0080,Chata Kozubová,Česko,Moravskoslezské Beskydy,Milíkov,1,"Milíkov, Dědina – autobusová zastávka",obec + autobus,regionální autobus,celoročně; vždy ověřit aktuální stav cest a dopravy,B,"https://www.kozubova.cz/
https://www.beskydyportal.cz/cz/trasy",,2026-07-21
HUT-0080,Chata Kozubová,Česko,Moravskoslezské Beskydy,Milíkov,2,"Košařiska, centrum",obec + autobus,,celoročně; vždy ověřit aktuální stav cest a dopravy,B,"https://www.kozubova.cz/
https://www.beskydyportal.cz/cz/trasy",,2026-07-21
HUT-0081,Horská chata Ostrý,Česko,Moravskoslezské Beskydy,Košařiska,1,"Košařiska, Milíř – autobusová zastávka / parkoviště",horská autobusová zastávka + parkoviště,regionální autobus,celoročně; vždy ověřit aktuální stav cest a dopravy,B,"https://www.chataostry.cz/
https://www.beskydyportal.cz/cz/trasy",,2026-07-21
HUT-0081,Horská chata Ostrý,Česko,Moravskoslezské Beskydy,Košařiska,2,"Třinec, Tyra – konečná autobusu",horská autobusová zastávka,,celoročně; vždy ověřit aktuální stav cest a dopravy,B,"https://www.chataostry.cz/
https://www.beskydyportal.cz/cz/trasy",,2026-07-21
HUT-0082,Horská chata Skalka,Česko,Moravskoslezské Beskydy,Mosty u Jablunkova,1,"Mosty u Jablunkova, železniční stanice / ski areál",vlak + horské středisko + parkoviště,vlak a autobus,celoročně; vždy ověřit aktuální stav cest a dopravy,B,"https://www.chata-skalka.cz/
https://www.beskydyportal.cz/cz/trasy",,2026-07-21
HUT-0082,Horská chata Skalka,Česko,Moravskoslezské Beskydy,Mosty u Jablunkova,2,"Mosty u Jablunkova, Šance – autobusová zastávka",autobusová zastávka,,celoročně; vždy ověřit aktuální stav cest a dopravy,B,"https://www.chata-skalka.cz/
https://www.beskydyportal.cz/cz/trasy",,2026-07-21
HUT-0083,Turistická chata Severka,Česko,Moravskoslezské Beskydy,Dolní Lomná,1,"Dolní Lomná, ski areál / autobusová zastávka",horské středisko + autobus + parkoviště,regionální autobus,celoročně; vždy ověřit aktuální stav cest a dopravy,B,"https://www.severka.eu/
https://www.beskydyportal.cz/cz/trasy",,2026-07-21
HUT-0083,Turistická chata Severka,Česko,Moravskoslezské Beskydy,Dolní Lomná,2,"Mosty u Jablunkova, železniční stanice",vlak,,celoročně; vždy ověřit aktuální stav cest a dopravy,B,"https://www.severka.eu/
https://www.beskydyportal.cz/cz/trasy",,2026-07-21
HUT-0084,Horská chata Gírová,Česko,Jablunkovské mezihoří,Mosty u Jablunkova,1,"Mosty u Jablunkova, železniční stanice / ski areál",vlak + horské středisko + parkoviště,vlak a autobus,celoročně; vždy ověřit aktuální stav cest a dopravy,B,"https://www.chata-girova.cz/
https://www.beskydyportal.cz/cz/trasy",,2026-07-21
HUT-0084,Horská chata Gírová,Česko,Jablunkovské mezihoří,Mosty u Jablunkova,2,"Mosty u Jablunkova, Šance – autobusová zastávka",autobusová zastávka,,celoročně; vždy ověřit aktuální stav cest a dopravy,B,"https://www.chata-girova.cz/
https://www.beskydyportal.cz/cz/trasy",,2026-07-21
HUT-0085,Horský hotel Bahenec,Česko,Slezské Beskydy,Písek u Jablunkova,1,"Písek u Jablunkova, Bahenec – parkoviště",horský areál + parkoviště,regionální autobus do Písku u Jablunkova,celoročně; vždy ověřit aktuální stav cest a dopravy,B,"https://www.bahenec.cz/
https://www.beskydyportal.cz/cz/trasy",,2026-07-21
HUT-0085,Horský hotel Bahenec,Česko,Slezské Beskydy,Písek u Jablunkova,2,"Písek u Jablunkova, centrum",obec + autobus,,celoročně; vždy ověřit aktuální stav cest a dopravy,B,"https://www.bahenec.cz/
https://www.beskydyportal.cz/cz/trasy",,2026-07-21
HUT-0086,Chata Javorový,Česko,Moravskoslezské Beskydy,Třinec,1,"Oldřichovice, dolní stanice lanovky Javorový / autobusová zastávka",dolní stanice lanovky + autobus + parkoviště,autobus z Třince; sedačková lanovka na Javorový,"lanovka celoročně podle zveřejněného jízdního řádu, s pravidelnými odstávkami",A,"https://www.lanovkajavorovy.cz/lanovka
https://www.info-trinec.cz/o-meste/turisticke-trasy/
https://www.lanovkajavorovy.cz/",Nejpraktičtější nástup je u dolní stanice v Oldřichovicích. Lanovka zkrátí výstup téměř k chatě; pěší klasika vede od vodárny nebo autobusové zastávky.,2026-07-21
HUT-0086,Chata Javorový,Česko,Moravskoslezské Beskydy,Třinec,2,"Javorový, horní stanice lanovky",horní stanice lanovky,,"lanovka celoročně podle zveřejněného jízdního řádu, s pravidelnými odstávkami",A,"https://www.lanovkajavorovy.cz/lanovka
https://www.info-trinec.cz/o-meste/turisticke-trasy/
https://www.lanovkajavorovy.cz/",Nejpraktičtější nástup je u dolní stanice v Oldřichovicích. Lanovka zkrátí výstup téměř k chatě; pěší klasika vede od vodárny nebo autobusové zastávky.,2026-07-21
HUT-0086,Chata Javorový,Česko,Moravskoslezské Beskydy,Třinec,3,"Oldřichovice, u vodárny / rozcestí ke Kozinci",autobusová zastávka + pěší nástup,,"lanovka celoročně podle zveřejněného jízdního řádu, s pravidelnými odstávkami",A,"https://www.lanovkajavorovy.cz/lanovka
https://www.info-trinec.cz/o-meste/turisticke-trasy/
https://www.lanovkajavorovy.cz/",Nejpraktičtější nástup je u dolní stanice v Oldřichovicích. Lanovka zkrátí výstup téměř k chatě; pěší klasika vede od vodárny nebo autobusové zastávky.,2026-07-21
HUT-0087,Chata na Radhošti,Česko,Moravskoslezské Beskydy,Dolní Bečva,1,"Pustevny, horní stanice lanovky / autobusová zastávka",horní stanice lanovky + horské středisko,lanovka z Trojanovic; autobus z Prostřední Bečvy,celoročně; vždy ověřit aktuální stav cest a dopravy,A,"https://www.chataradhost.cz/
https://www.beskydyportal.cz/cz/trasy",,2026-07-21
HUT-0087,Chata na Radhošti,Česko,Moravskoslezské Beskydy,Dolní Bečva,2,"Trojanovice, Ráztoka – dolní stanice lanovky",dolní stanice lanovky + autobus + parkoviště,,celoročně; vždy ověřit aktuální stav cest a dopravy,A,"https://www.chataradhost.cz/
https://www.beskydyportal.cz/cz/trasy",,2026-07-21
HUT-0087,Chata na Radhošti,Česko,Moravskoslezské Beskydy,Dolní Bečva,3,"Rožnov pod Radhoštěm, autobusové nádraží",město + autobus,,celoročně; vždy ověřit aktuální stav cest a dopravy,A,"https://www.chataradhost.cz/
https://www.beskydyportal.cz/cz/trasy",,2026-07-21
HUT-0088,Libušín,Česko,Moravskoslezské Beskydy,Prostřední Bečva,1,"Pustevny, horní stanice lanovky / autobusová zastávka",horní stanice lanovky + horské středisko,lanovka z Trojanovic; autobus z Prostřední Bečvy,celoročně; vždy ověřit aktuální stav cest a dopravy,A,"https://www.pustevny.cz/
https://www.beskydyportal.cz/cz/trasy",,2026-07-21
HUT-0088,Libušín,Česko,Moravskoslezské Beskydy,Prostřední Bečva,2,"Trojanovice, Ráztoka – dolní stanice lanovky",dolní stanice lanovky + autobus + parkoviště,,celoročně; vždy ověřit aktuální stav cest a dopravy,A,"https://www.pustevny.cz/
https://www.beskydyportal.cz/cz/trasy",,2026-07-21
HUT-0089,Maměnka,Česko,Moravskoslezské Beskydy,Prostřední Bečva,1,"Pustevny, horní stanice lanovky / autobusová zastávka",horní stanice lanovky + horské středisko,lanovka z Trojanovic; autobus z Prostřední Bečvy,celoročně; vždy ověřit aktuální stav cest a dopravy,A,"https://www.pustevny.cz/
https://www.beskydyportal.cz/cz/trasy",,2026-07-21
HUT-0089,Maměnka,Česko,Moravskoslezské Beskydy,Prostřední Bečva,2,"Trojanovice, Ráztoka – dolní stanice lanovky",dolní stanice lanovky + autobus + parkoviště,,celoročně; vždy ověřit aktuální stav cest a dopravy,A,"https://www.pustevny.cz/
https://www.beskydyportal.cz/cz/trasy",,2026-07-21
HUT-0090,Hotel Tanečnica,Česko,Moravskoslezské Beskydy,Prostřední Bečva,1,"Pustevny, horní stanice lanovky / autobusová zastávka",horní stanice lanovky + horské středisko,lanovka z Trojanovic; autobus z Prostřední Bečvy,celoročně; vždy ověřit aktuální stav cest a dopravy,A,"https://www.tanecnica.cz/
https://www.beskydyportal.cz/cz/trasy",,2026-07-21
HUT-0090,Hotel Tanečnica,Česko,Moravskoslezské Beskydy,Prostřední Bečva,2,"Trojanovice, Ráztoka – dolní stanice lanovky",dolní stanice lanovky + autobus + parkoviště,,celoročně; vždy ověřit aktuální stav cest a dopravy,A,"https://www.tanecnica.cz/
https://www.beskydyportal.cz/cz/trasy",,2026-07-21
HUT-0091,Chata Martiňák,Česko,Moravskoslezské Beskydy,Horní Bečva,1,"Horní Bečva, přehrada / autobusová zastávka",horská obec + autobus + parkoviště,regionální autobus,celoročně; vždy ověřit aktuální stav cest a dopravy,B,"https://www.martinak.cz/
https://www.beskydyportal.cz/cz/trasy",,2026-07-21
HUT-0091,Chata Martiňák,Česko,Moravskoslezské Beskydy,Horní Bečva,2,"Pustevny, autobusová zastávka / horní stanice lanovky",horské středisko + lanovka,,celoročně; vždy ověřit aktuální stav cest a dopravy,B,"https://www.martinak.cz/
https://www.beskydyportal.cz/cz/trasy",,2026-07-21
HUT-0092,Horská chata Mír,Česko,Moravskoslezské Beskydy,Dolní Bečva,1,"Dolní Bečva, centrum / autobusová zastávka",obec + autobus,regionální autobus,celoročně; vždy ověřit aktuální stav cest a dopravy,B,https://www.beskydyportal.cz/cz/trasy,,2026-07-21
HUT-0092,Horská chata Mír,Česko,Moravskoslezské Beskydy,Dolní Bečva,2,"Pustevny, autobusová zastávka",horské středisko + autobus,,celoročně; vždy ověřit aktuální stav cest a dopravy,B,https://www.beskydyportal.cz/cz/trasy,,2026-07-21
HUT-0093,Chata Vsacký Cáb,Česko,Vsetínské vrchy,Vsetín,1,"Vsetín, Dušná – autobusová zastávka",horská autobusová zastávka + parkoviště,regionální autobus,celoročně; vždy ověřit aktuální stav cest a dopravy,B,"https://www.vsackycab.cz/
https://www.visit-valassko.cz/",,2026-07-21
HUT-0093,Chata Vsacký Cáb,Česko,Vsetínské vrchy,Vsetín,2,"Vsetín, Semetín",okraj města + autobus,,celoročně; vždy ověřit aktuální stav cest a dopravy,B,"https://www.vsackycab.cz/
https://www.visit-valassko.cz/",,2026-07-21
HUT-0094,Horský hotel Kohútka,Česko,Javorníky,Nový Hrozenkov,1,"Nový Hrozenkov, Vranča – autobusová zastávka / parkoviště",horská autobusová zastávka + parkoviště,regionální autobus,celoročně; vždy ověřit aktuální stav cest a dopravy,B,"https://www.kohutka.cz/
https://www.visit-valassko.cz/",,2026-07-21
HUT-0094,Horský hotel Kohútka,Česko,Javorníky,Nový Hrozenkov,2,"Kohútka, centrální parkoviště",hřebenové parkoviště,,celoročně; vždy ověřit aktuální stav cest a dopravy,B,"https://www.kohutka.cz/
https://www.visit-valassko.cz/",,2026-07-21
HUT-0094,Horský hotel Kohútka,Česko,Javorníky,Nový Hrozenkov,3,"Lazy pod Makytou, Čertov – autobusová zastávka",přeshraniční autobusová zastávka,,celoročně; vždy ověřit aktuální stav cest a dopravy,B,"https://www.kohutka.cz/
https://www.visit-valassko.cz/",,2026-07-21
HUT-0095,Horský hotel Portáš,Česko,Javorníky,Nový Hrozenkov,1,"Nový Hrozenkov, Vranča – autobusová zastávka / parkoviště",horská autobusová zastávka + parkoviště,regionální autobus,celoročně; vždy ověřit aktuální stav cest a dopravy,B,"https://www.hotelportas.cz/
https://www.visit-valassko.cz/",,2026-07-21
HUT-0095,Horský hotel Portáš,Česko,Javorníky,Nový Hrozenkov,2,"Kohútka, centrální parkoviště",hřebenové parkoviště,,celoročně; vždy ověřit aktuální stav cest a dopravy,B,"https://www.hotelportas.cz/
https://www.visit-valassko.cz/",,2026-07-21
HUT-0095,Horský hotel Portáš,Česko,Javorníky,Nový Hrozenkov,3,"Lazy pod Makytou, Čertov – autobusová zastávka",přeshraniční autobusová zastávka,,celoročně; vždy ověřit aktuální stav cest a dopravy,B,"https://www.hotelportas.cz/
https://www.visit-valassko.cz/",,2026-07-21
HUT-0096,Horský hotel Čarták,Česko,Vsetínské vrchy,Hutisko-Solanec,1,"Soláň, Čarták – autobusová zastávka / parkoviště",hřebenová autobusová zastávka + parkoviště,regionální autobus,celoročně; vždy ověřit aktuální stav cest a dopravy,A,"https://www.cartak.cz/
https://www.visit-valassko.cz/",,2026-07-21
HUT-0096,Horský hotel Čarták,Česko,Vsetínské vrchy,Hutisko-Solanec,2,"Velké Karlovice, centrum",obec + vlak + autobus,,celoročně; vždy ověřit aktuální stav cest a dopravy,A,"https://www.cartak.cz/
https://www.visit-valassko.cz/",,2026-07-21
HUT-0097,Chata Kusalíno,Česko,Vsetínské vrchy,Janová,1,"Janová, centrum / autobusová zastávka",obec + autobus + pěší nástup,regionální autobus; železniční zastávka Janová v obci,celoročně; v zimě podle sjízdnosti a sněhových podmínek,B,"https://kct.cz/chaty/chata-kusalino/
https://www.janova.cz/sluzby/turistika/",Chata leží na janovských pasekách. Nejlogičtější nástup vede ze středu Janové do údolí Hořansko a na žlutě značený hřeben.,2026-07-21
HUT-0097,Chata Kusalíno,Česko,Vsetínské vrchy,Janová,2,"Janová, železniční zastávka",vlak + obec,,celoročně; v zimě podle sjízdnosti a sněhových podmínek,B,"https://kct.cz/chaty/chata-kusalino/
https://www.janova.cz/sluzby/turistika/",Chata leží na janovských pasekách. Nejlogičtější nástup vede ze středu Janové do údolí Hořansko a na žlutě značený hřeben.,2026-07-21
HUT-0097,Chata Kusalíno,Česko,Vsetínské vrchy,Janová,3,"Vsetín, železniční stanice","vlak + město, návazný autobus nebo delší pěší trasa",,celoročně; v zimě podle sjízdnosti a sněhových podmínek,B,"https://kct.cz/chaty/chata-kusalino/
https://www.janova.cz/sluzby/turistika/",Chata leží na janovských pasekách. Nejlogičtější nástup vede ze středu Janové do údolí Hořansko a na žlutě značený hřeben.,2026-07-21
HUT-0098,Chata KČT Prášily,Česko,Šumava,Prášily,1,"Prášily, centrum / autobusová zastávka",horská obec + autobus + parkoviště,Zelené linky Šumavy a regionální autobus,celoročně; vždy ověřit aktuální stav cest a dopravy,A,"https://www.npsumava.cz/en/odkud/prasil-en/
https://www.chataprasily.cz/
https://www.npsumava.cz/tipy-na-vylety/",,2026-07-21
HUT-0099,Horská chata Pancíř,Česko,Šumava,Železná Ruda,1,"Špičák, železniční stanice / dolní stanice lanovky Pancíř",vlak + dolní stanice lanovky + parkoviště,vlak a sedačková lanovka,celoročně; vždy ověřit aktuální stav cest a dopravy,A,"https://www.pancir.cz/
https://www.npsumava.cz/tipy-na-vylety/",,2026-07-21
HUT-0099,Horská chata Pancíř,Česko,Šumava,Železná Ruda,2,"Pancíř, horní stanice lanovky",horní stanice lanovky,,celoročně; vždy ověřit aktuální stav cest a dopravy,A,"https://www.pancir.cz/
https://www.npsumava.cz/tipy-na-vylety/",,2026-07-21
HUT-0099,Horská chata Pancíř,Česko,Šumava,Železná Ruda,3,"Železná Ruda, centrum",město + vlak + autobus,,celoročně; vždy ověřit aktuální stav cest a dopravy,A,"https://www.pancir.cz/
https://www.npsumava.cz/tipy-na-vylety/",,2026-07-21
HUT-0100,Horský hotel Rovina,Česko,Šumava,Hartmanice,1,"Dobrá Voda u Hartmanic, parkoviště / autobusová zastávka",horská osada + autobus + parkoviště,regionální autobus,celoročně; vždy ověřit aktuální stav cest a dopravy,B,"https://www.hotelrovina.cz/
https://www.npsumava.cz/tipy-na-vylety/",,2026-07-21
HUT-0100,Horský hotel Rovina,Česko,Šumava,Hartmanice,2,"Hartmanice, náměstí",město + autobus,,celoročně; vždy ověřit aktuální stav cest a dopravy,B,"https://www.hotelrovina.cz/
https://www.npsumava.cz/tipy-na-vylety/",,2026-07-21
HUT-0101,Klostermannova chata,Česko,Šumava,Modrava,1,"Modrava, centrum / autobusová zastávka",horská obec + autobus + parkoviště,Zelené linky Šumavy a cyklobusy,celoročně; vždy ověřit aktuální stav cest a dopravy,A,"https://www.klostermannovachata.cz/
https://www.npsumava.cz/tipy-na-vylety/",,2026-07-21
HUT-0102,Horský hotel Churáňov,Česko,Šumava,Stachy,1,"Zadov-Churáňov, Kobyla – parkoviště / autobusová zastávka",horské středisko + autobus + parkoviště,regionální autobus / cyklobus,celoročně; vždy ověřit aktuální stav cest a dopravy,A,"https://www.churanov.cz/
https://www.npsumava.cz/tipy-na-vylety/",,2026-07-21
HUT-0102,Horský hotel Churáňov,Česko,Šumava,Stachy,2,"Stachy, centrum",obec + autobus,,celoročně; vždy ověřit aktuální stav cest a dopravy,A,"https://www.churanov.cz/
https://www.npsumava.cz/tipy-na-vylety/",,2026-07-21
HUT-0103,Chata Zlatá Studna,Česko,Šumava,Horská Kvilda,1,"Horská Kvilda, centrum / autobusová zastávka",horská obec + autobus + parkoviště,Zelené linky Šumavy,celoročně; vždy ověřit aktuální stav cest a dopravy,B,https://www.npsumava.cz/tipy-na-vylety/,,2026-07-21
HUT-0103,Chata Zlatá Studna,Česko,Šumava,Horská Kvilda,2,"Kvilda, centrum",horská obec + autobus,,celoročně; vždy ověřit aktuální stav cest a dopravy,B,https://www.npsumava.cz/tipy-na-vylety/,,2026-07-21
HUT-0104,Hotel Alpská vyhlídka,Česko,Šumava,Kvilda,1,"Kvilda, centrum / autobusová zastávka",horská obec + autobus + parkoviště,Zelené linky Šumavy a regionální autobus,celoročně; vždy ověřit aktuální stav cest a dopravy,A,"https://www.alpskavyhlidka.cz/
https://www.npsumava.cz/tipy-na-vylety/",,2026-07-21
HUT-0105,Hotel Belveder,Česko,Šumava,Železná Ruda,1,"Železná Ruda, centrum / železniční stanice",město + vlak + autobus,vlak a autobus,celoročně; vždy ověřit aktuální stav cest a dopravy,A,"https://www.hotelbelveder.cz/
https://www.npsumava.cz/tipy-na-vylety/",,2026-07-21
HUT-0105,Hotel Belveder,Česko,Šumava,Železná Ruda,2,"Špičák, železniční stanice",vlak + horské středisko,,celoročně; vždy ověřit aktuální stav cest a dopravy,A,"https://www.hotelbelveder.cz/
https://www.npsumava.cz/tipy-na-vylety/",,2026-07-21
HUT-0106,Chata na Špičáku,Česko,Šumava,Železná Ruda,1,"Špičák, železniční stanice / parkoviště",vlak + horské středisko + parkoviště,vlak,celoročně; vždy ověřit aktuální stav cest a dopravy,A,https://www.npsumava.cz/tipy-na-vylety/,,2026-07-21
HUT-0106,Chata na Špičáku,Česko,Šumava,Železná Ruda,2,"Špičák, dolní stanice lanovky",dolní stanice lanovky,,celoročně; vždy ověřit aktuální stav cest a dopravy,A,https://www.npsumava.cz/tipy-na-vylety/,,2026-07-21
HUT-0107,Turnerova chata,Česko,Šumava,Rejštejn,1,"Antýgl, autobusová zastávka / parkoviště",autobusová zastávka + parkoviště,Zelené linky Šumavy,celoročně; vždy ověřit aktuální stav cest a dopravy,A,"https://www.turnerovachata.cz/
https://www.npsumava.cz/tipy-na-vylety/",,2026-07-21
HUT-0107,Turnerova chata,Česko,Šumava,Rejštejn,2,"Čeňkova Pila, autobusová zastávka",autobusová zastávka + parkoviště,,celoročně; vždy ověřit aktuální stav cest a dopravy,A,"https://www.turnerovachata.cz/
https://www.npsumava.cz/tipy-na-vylety/",,2026-07-21
HUT-0107,Turnerova chata,Česko,Šumava,Rejštejn,3,"Srní, centrum",horská obec + autobus,,celoročně; vždy ověřit aktuální stav cest a dopravy,A,"https://www.turnerovachata.cz/
https://www.npsumava.cz/tipy-na-vylety/",,2026-07-21
HUT-0108,Antýgl,Česko,Šumava,Srní,1,"Antýgl, autobusová zastávka / parkoviště",autobusová zastávka + parkoviště,Zelené linky Šumavy,celoročně; vždy ověřit aktuální stav cest a dopravy,A,"https://www.antygl.cz/
https://www.npsumava.cz/tipy-na-vylety/",,2026-07-21
HUT-0108,Antýgl,Česko,Šumava,Srní,2,"Srní, centrum",horská obec + autobus,,celoročně; vždy ověřit aktuální stav cest a dopravy,A,"https://www.antygl.cz/
https://www.npsumava.cz/tipy-na-vylety/",,2026-07-21
HUT-0109,Horská chata Bučina,Česko,Šumava,Kvilda,1,"Kvilda, centrum / autobusová zastávka",horská obec + autobus + parkoviště,sezónní autobus Kvilda–Bučina,hlavně květen až říjen; přesný provoz zelených autobusů je sezónní,A,"https://www.npsumava.cz/navstivte-sumavu/zelene-linky-sumavy-2026/
https://www.npsumava.cz/tipy-na-vylety/",,2026-07-21
HUT-0109,Horská chata Bučina,Česko,Šumava,Kvilda,2,"Bučina, konečná sezónního autobusu",hřebenová autobusová zastávka,,hlavně květen až říjen; přesný provoz zelených autobusů je sezónní,A,"https://www.npsumava.cz/navstivte-sumavu/zelene-linky-sumavy-2026/
https://www.npsumava.cz/tipy-na-vylety/",,2026-07-21
HUT-0109,Horská chata Bučina,Česko,Šumava,Kvilda,3,"Finsterau, Igelbus",přeshraniční turistický autobus,,hlavně květen až říjen; přesný provoz zelených autobusů je sezónní,A,"https://www.npsumava.cz/navstivte-sumavu/zelene-linky-sumavy-2026/
https://www.npsumava.cz/tipy-na-vylety/",,2026-07-21
HUT-0110,Horský hotel Lesná,Česko,Krušné hory,Nová Ves v Horách,1,"Lesná, autobusová zastávka / parkoviště",horská osada + autobus + parkoviště,regionální autobus,celoročně; vždy ověřit aktuální stav cest a dopravy,A,"https://www.hotel-lesna.cz/
https://www.krusnehory.cz/",,2026-07-21
HUT-0111,Chata Barborka Klínovec,Česko,Krušné hory,Loučná pod Klínovcem,1,"Loučná pod Klínovcem, dolní stanice lanovky",dolní stanice lanovky + parkoviště,lanovka na Klínovec,celoročně; vždy ověřit aktuální stav cest a dopravy,B,https://www.krusnehory.cz/,,2026-07-21
HUT-0111,Chata Barborka Klínovec,Česko,Krušné hory,Loučná pod Klínovcem,2,"Klínovec, horní stanice lanovky / parkoviště",horní stanice lanovky + parkoviště,,celoročně; vždy ověřit aktuální stav cest a dopravy,B,https://www.krusnehory.cz/,,2026-07-21
HUT-0111,Chata Barborka Klínovec,Česko,Krušné hory,Loučná pod Klínovcem,3,"Boží Dar, náměstí",horské středisko + autobus,,celoročně; vždy ověřit aktuální stav cest a dopravy,B,https://www.krusnehory.cz/,,2026-07-21
HUT-0112,Horský hotel Bouřňák,Česko,Krušné hory,Mikulov,1,"Mikulov v Krušných horách, železniční stanice",vlak + horské středisko,vlak,celoročně; vždy ověřit aktuální stav cest a dopravy,A,"https://www.bournak.cz/
https://www.krusnehory.cz/",,2026-07-21
HUT-0112,Horský hotel Bouřňák,Česko,Krušné hory,Mikulov,2,"Nové Město, železniční stanice",vlak + hřebenový nástup,,celoročně; vždy ověřit aktuální stav cest a dopravy,A,"https://www.bournak.cz/
https://www.krusnehory.cz/",,2026-07-21
HUT-0113,Komáří vížka,Česko,Krušné hory,Krupka,1,"Krupka-Bohosudov, dolní stanice lanovky",dolní stanice lanovky + MHD + parkoviště,sedačková lanovka Krupka–Komáří vížka,lanovka obvykle celoročně s technickými odstávkami; ověřit denní provoz,A,"https://www.lanovkakrupka.cz/cs/faq
https://www.komarivizka.eu/
https://www.krusnehory.cz/",,2026-07-21
HUT-0113,Komáří vížka,Česko,Krušné hory,Krupka,2,"Komáří vížka, horní stanice lanovky",horní stanice lanovky,,lanovka obvykle celoročně s technickými odstávkami; ověřit denní provoz,A,"https://www.lanovkakrupka.cz/cs/faq
https://www.komarivizka.eu/
https://www.krusnehory.cz/",,2026-07-21
HUT-0114,Chata na Klínovci,Česko,Krušné hory,Jáchymov,1,"Klínovec, horní stanice lanovek / parkoviště",horní stanice lanovky + parkoviště,lanovky z Jáchymova a Loučné podle sezóny,celoročně; vždy ověřit aktuální stav cest a dopravy,A,https://www.krusnehory.cz/,,2026-07-21
HUT-0114,Chata na Klínovci,Česko,Krušné hory,Jáchymov,2,"Jáchymov, dolní stanice lanovky Dámská",dolní stanice lanovky + autobus + parkoviště,,celoročně; vždy ověřit aktuální stav cest a dopravy,A,https://www.krusnehory.cz/,,2026-07-21
HUT-0114,Chata na Klínovci,Česko,Krušné hory,Jáchymov,3,"Boží Dar, náměstí",horské středisko + autobus,,celoročně; vždy ověřit aktuální stav cest a dopravy,A,https://www.krusnehory.cz/,,2026-07-21
HUT-0115,Chata Lovoš,Česko,České středohoří,Velemín,1,"Oparno, železniční stanice",vlak + turistický uzel,vlak,celoročně; vždy ověřit aktuální stav cest a dopravy,A,"https://www.chatalovos.cz/
https://www.stredohori.cz/",,2026-07-21
HUT-0115,Chata Lovoš,Česko,České středohoří,Velemín,2,"Velemín, autobusová zastávka",obec + autobus,,celoročně; vždy ověřit aktuální stav cest a dopravy,A,"https://www.chatalovos.cz/
https://www.stredohori.cz/",,2026-07-21
HUT-0116,Chata Milešovka,Česko,České středohoří,Velemín,1,"Bílka, autobusová zastávka / parkoviště",obec + autobus + parkoviště,regionální autobus,celoročně; vždy ověřit aktuální stav cest a dopravy,A,https://www.stredohori.cz/,,2026-07-21
HUT-0116,Chata Milešovka,Česko,České středohoří,Velemín,2,"Milešov, autobusová zastávka",obec + autobus,,celoročně; vždy ověřit aktuální stav cest a dopravy,A,https://www.stredohori.cz/,,2026-07-21
HUT-0116,Chata Milešovka,Česko,České středohoří,Velemín,3,"Velemín, autobusová zastávka",obec + autobus,,celoročně; vždy ověřit aktuální stav cest a dopravy,A,https://www.stredohori.cz/,,2026-07-21
HUT-0117,Turistická chata Prachov,Česko,Český ráj,Zámostí-Blata,1,"Prachovské skály, centrální parkoviště / autobusová zastávka",turistický areál + autobus + parkoviště,sezónní a regionální autobus,celoročně; vždy ověřit aktuální stav cest a dopravy,A,"https://www.turistickachataprachov.cz/
https://www.cesky-raj.info/",,2026-07-21
HUT-0117,Turistická chata Prachov,Česko,Český ráj,Zámostí-Blata,2,"Jičín, autobusové nádraží",město + autobus,,celoročně; vždy ověřit aktuální stav cest a dopravy,A,"https://www.turistickachataprachov.cz/
https://www.cesky-raj.info/",,2026-07-21
HUT-0118,Raisova chata na Zvičině,Česko,Krkonošské podhůří,Mostek,1,"Zvičina, vrcholové parkoviště",vrcholové parkoviště,autobus do Třebihoště nebo Bílé Třemešné,celoročně; vždy ověřit aktuální stav cest a dopravy,B,https://www.raisovachata.cz/,,2026-07-21
HUT-0118,Raisova chata na Zvičině,Česko,Krkonošské podhůří,Mostek,2,"Třebihošť, autobusová zastávka",obec + autobus,,celoročně; vždy ověřit aktuální stav cest a dopravy,B,https://www.raisovachata.cz/,,2026-07-21
HUT-0119,Riegrova chata na Kozákově,Česko,Ještědsko-kozákovský hřbet,Semily,1,"Kozákov, autobusová zastávka / parkoviště",vrcholové parkoviště + autobusová zastávka,sezónní / regionální autobus,celoročně; vždy ověřit aktuální stav cest a dopravy,A,"https://www.kozakov.cz/
https://www.liberecky-kraj.cz/",,2026-07-21
HUT-0119,Riegrova chata na Kozákově,Česko,Ještědsko-kozákovský hřbet,Semily,2,"Klokočí, centrum",obec + autobus,,celoročně; vždy ověřit aktuální stav cest a dopravy,A,"https://www.kozakov.cz/
https://www.liberecky-kraj.cz/",,2026-07-21
HUT-0120,Chata Macocha,Česko,Moravský kras,Vilémovice,1,"Macocha, Skalní mlýn – parkoviště / autobusová zastávka",turistický areál + autobus + parkoviště,turistický autobus; kabinková lanovka mezi Punkevními jeskyněmi a Macochou,celoročně; vždy ověřit aktuální stav cest a dopravy,A,"https://www.chata-macocha.cz/
https://www.moravsky-kras.cz/",,2026-07-21
HUT-0120,Chata Macocha,Česko,Moravský kras,Vilémovice,2,"Vilémovice, centrum",obec + autobus,,celoročně; vždy ověřit aktuální stav cest a dopravy,A,"https://www.chata-macocha.cz/
https://www.moravsky-kras.cz/",,2026-07-21
HUT-0121,Chata Čerchov,Česko,Český les,Česká Kubice,1,"Capartice, autobusová zastávka / parkoviště",horský průsmyk + autobus + parkoviště,sezónní / regionální autobus,celoročně; vždy ověřit aktuální stav cest a dopravy,A,https://www.ceskyles.eu/,,2026-07-21
HUT-0121,Chata Čerchov,Česko,Český les,Česká Kubice,2,"Česká Kubice, železniční stanice",vlak + obec,,celoročně; vždy ověřit aktuální stav cest a dopravy,A,https://www.ceskyles.eu/,,2026-07-21
HUT-0121,Chata Čerchov,Česko,Český les,Česká Kubice,3,"Waldmünchen, Althütte",přeshraniční parkoviště + autobus,,celoročně; vždy ověřit aktuální stav cest a dopravy,A,https://www.ceskyles.eu/,,2026-07-21
HUT-0122,Chata Koráb,Česko,Švihovská vrchovina,Kdyně,1,"Kdyně, železniční stanice",vlak + město,vlak a autobus,celoročně; vždy ověřit aktuální stav cest a dopravy,B,https://www.korab.cz/,,2026-07-21
HUT-0122,Chata Koráb,Česko,Švihovská vrchovina,Kdyně,2,"Koráb, vrcholové parkoviště",parkoviště,,celoročně; vždy ověřit aktuální stav cest a dopravy,B,https://www.korab.cz/,,2026-07-21
HUT-0123,Turistická chata Hvězda,Česko,Broumovská vrchovina,Police nad Metují,1,"Hvězda, parkoviště / autobusová zastávka",výletní místo + parkoviště + autobus,regionální autobus v širším okolí,celoročně; vždy ověřit aktuální stav cest a dopravy,A,"https://www.hvezda-broumov.cz/
https://www.broumovsko.cz/",,2026-07-21
HUT-0123,Turistická chata Hvězda,Česko,Broumovská vrchovina,Police nad Metují,2,"Police nad Metují, autobusové nádraží",město + autobus,,celoročně; vždy ověřit aktuální stav cest a dopravy,A,"https://www.hvezda-broumov.cz/
https://www.broumovsko.cz/",,2026-07-21
HUT-0124,Turistická chata Sloup v Čechách,Česko,Ralská pahorkatina,Sloup v Čechách,1,"Sloup v Čechách, náměstí / autobusová zastávka",turistická obec + autobus + parkoviště,regionální autobus,celoročně; vždy ověřit aktuální stav cest a dopravy,A,https://kct.cz/kategorie-chaty/vsechny-chaty/,,2026-07-21
HUT-0125,Chata pod Rysmi,Slovensko,Vysoké Tatry,Štrbské Pleso,1,"Popradské Pleso, zastávka Tatranské elektrické železnice",vlak TEŽ + parkoviště,Tatranská elektrická železnice,vysokohorský chodník je sezónně uzavíraný; ověřit návštěvní řád TANAP,A,"https://www.tatry.sk/en/hike-from-popradske-pleso-to-rysy/
https://chatapodrysmi.kst.sk/
https://www.tatry.sk/infocentrum/turisticke-ciele/vysokohorske-chaty/",,2026-07-21
HUT-0125,Chata pod Rysmi,Slovensko,Vysoké Tatry,Štrbské Pleso,2,"Štrbské Pleso, železniční a autobusová stanice",horské středisko + vlak + autobus,,vysokohorský chodník je sezónně uzavíraný; ověřit návštěvní řád TANAP,A,"https://www.tatry.sk/en/hike-from-popradske-pleso-to-rysy/
https://chatapodrysmi.kst.sk/
https://www.tatry.sk/infocentrum/turisticke-ciele/vysokohorske-chaty/",,2026-07-21
HUT-0126,Téryho chata,Slovensko,Vysoké Tatry,Starý Smokovec,1,"Hrebienok, horní stanice pozemní lanovky",horní stanice pozemní lanovky + turistický uzel,pozemní lanovka ze Starého Smokovce,celoročně; vždy ověřit aktuální stav cest a dopravy,A,"https://www.tatry.sk/infocentrum/doprava-a-infrastruktura/tatranske-lanovky/
https://www.teryhochata.sk/
https://www.tatry.sk/infocentrum/turisticke-ciele/vysokohorske-chaty/",Hrebienok je hlavní nástup do Malé Studené doliny; dále přes Zamkovského chatu.,2026-07-21
HUT-0126,Téryho chata,Slovensko,Vysoké Tatry,Starý Smokovec,2,"Starý Smokovec, stanice TEŽ / dolní stanice lanovky",horské středisko + vlak + autobus + lanovka,,celoročně; vždy ověřit aktuální stav cest a dopravy,A,"https://www.tatry.sk/infocentrum/doprava-a-infrastruktura/tatranske-lanovky/
https://www.teryhochata.sk/
https://www.tatry.sk/infocentrum/turisticke-ciele/vysokohorske-chaty/",Hrebienok je hlavní nástup do Malé Studené doliny; dále přes Zamkovského chatu.,2026-07-21
HUT-0127,Zbojnícka chata,Slovensko,Vysoké Tatry,Starý Smokovec,1,"Hrebienok, horní stanice pozemní lanovky",horní stanice pozemní lanovky + turistický uzel,pozemní lanovka ze Starého Smokovce,celoročně; vždy ověřit aktuální stav cest a dopravy,A,"https://www.tatry.sk/infocentrum/doprava-a-infrastruktura/tatranske-lanovky/
https://www.zbojnickachata.sk/
https://www.tatry.sk/infocentrum/turisticke-ciele/vysokohorske-chaty/",Hrebienok je hlavní nástup do Velké Studené doliny.,2026-07-21
HUT-0127,Zbojnícka chata,Slovensko,Vysoké Tatry,Starý Smokovec,2,"Starý Smokovec, stanice TEŽ / dolní stanice lanovky",horské středisko + vlak + autobus + lanovka,,celoročně; vždy ověřit aktuální stav cest a dopravy,A,"https://www.tatry.sk/infocentrum/doprava-a-infrastruktura/tatranske-lanovky/
https://www.zbojnickachata.sk/
https://www.tatry.sk/infocentrum/turisticke-ciele/vysokohorske-chaty/",Hrebienok je hlavní nástup do Velké Studené doliny.,2026-07-21
HUT-0128,Chata pri Zelenom plese,Slovensko,Vysoké Tatry,Tatranská Lomnica,1,"Biela voda, autobusová zastávka / parkoviště",horská autobusová zastávka + parkoviště,autobus mezi Tatranskou Lomnicí a Tatranskou Kotlinou,celoročně; vždy ověřit aktuální stav cest a dopravy,A,"https://www.chataprizelenomplese.sk/
https://www.tatry.sk/infocentrum/turisticke-ciele/vysokohorske-chaty/",,2026-07-21
HUT-0128,Chata pri Zelenom plese,Slovensko,Vysoké Tatry,Tatranská Lomnica,2,"Tatranská Lomnica, stanice TEŽ / autobusové nádraží",horské středisko + vlak + autobus,,celoročně; vždy ověřit aktuální stav cest a dopravy,A,"https://www.chataprizelenomplese.sk/
https://www.tatry.sk/infocentrum/turisticke-ciele/vysokohorske-chaty/",,2026-07-21
HUT-0128,Chata pri Zelenom plese,Slovensko,Vysoké Tatry,Tatranská Lomnica,3,"Skalnaté pleso, horní stanice lanovky",horní stanice lanovky + náročnější hřebenová trasa,,celoročně; vždy ověřit aktuální stav cest a dopravy,A,"https://www.chataprizelenomplese.sk/
https://www.tatry.sk/infocentrum/turisticke-ciele/vysokohorske-chaty/",,2026-07-21
HUT-0129,Zamkovského chata,Slovensko,Vysoké Tatry,Starý Smokovec,1,"Hrebienok, horní stanice pozemní lanovky",horní stanice pozemní lanovky + turistický uzel,pozemní lanovka ze Starého Smokovce,celoročně; vždy ověřit aktuální stav cest a dopravy,A,"https://www.tatry.sk/en/zamkovskeho-chata-en/
https://www.zamka.sk/
https://www.tatry.sk/infocentrum/turisticke-ciele/vysokohorske-chaty/",,2026-07-21
HUT-0129,Zamkovského chata,Slovensko,Vysoké Tatry,Starý Smokovec,2,"Starý Smokovec, stanice TEŽ / dolní stanice lanovky",horské středisko + vlak + autobus + lanovka,,celoročně; vždy ověřit aktuální stav cest a dopravy,A,"https://www.tatry.sk/en/zamkovskeho-chata-en/
https://www.zamka.sk/
https://www.tatry.sk/infocentrum/turisticke-ciele/vysokohorske-chaty/",,2026-07-21
HUT-0130,Rainerova chata,Slovensko,Vysoké Tatry,Starý Smokovec,1,"Hrebienok, horní stanice pozemní lanovky",horní stanice pozemní lanovky + turistický uzel,pozemní lanovka ze Starého Smokovce,celoročně; vždy ověřit aktuální stav cest a dopravy,A,"https://www.tatry.sk/en/where-to-go-with-kids/trips-with-a-pram/
https://www.rainerovachata.sk/
https://www.tatry.sk/infocentrum/turisticke-ciele/vysokohorske-chaty/",,2026-07-21
HUT-0130,Rainerova chata,Slovensko,Vysoké Tatry,Starý Smokovec,2,"Starý Smokovec, stanice TEŽ / dolní stanice lanovky",horské středisko + vlak + autobus + lanovka,,celoročně; vždy ověřit aktuální stav cest a dopravy,A,"https://www.tatry.sk/en/where-to-go-with-kids/trips-with-a-pram/
https://www.rainerovachata.sk/
https://www.tatry.sk/infocentrum/turisticke-ciele/vysokohorske-chaty/",,2026-07-21
HUT-0131,Bilíkova chata,Slovensko,Vysoké Tatry,Starý Smokovec,1,"Hrebienok, horní stanice pozemní lanovky",horní stanice pozemní lanovky + turistický uzel,pozemní lanovka ze Starého Smokovce,celoročně; vždy ověřit aktuální stav cest a dopravy,A,"https://www.tatry.sk/infocentrum/doprava-a-infrastruktura/tatranske-lanovky/
https://www.bilikovachata.sk/
https://www.tatry.sk/infocentrum/turisticke-ciele/vysokohorske-chaty/",,2026-07-21
HUT-0131,Bilíkova chata,Slovensko,Vysoké Tatry,Starý Smokovec,2,"Starý Smokovec, stanice TEŽ / dolní stanice lanovky",horské středisko + vlak + autobus + lanovka,,celoročně; vždy ověřit aktuální stav cest a dopravy,A,"https://www.tatry.sk/infocentrum/doprava-a-infrastruktura/tatranske-lanovky/
https://www.bilikovachata.sk/
https://www.tatry.sk/infocentrum/turisticke-ciele/vysokohorske-chaty/",,2026-07-21
HUT-0132,Skalnatá chata,Slovensko,Vysoké Tatry,Tatranská Lomnica,1,"Skalnaté pleso, horní stanice kabinkové lanovky",horní stanice lanovky + turistický uzel,kabinková lanovka z Tatranské Lomnice,celoročně; vždy ověřit aktuální stav cest a dopravy,A,"https://www.tatry.sk/skalnata-chata-2/
https://www.skalnatachata.sk/
https://www.tatry.sk/infocentrum/turisticke-ciele/vysokohorske-chaty/",,2026-07-21
HUT-0132,Skalnatá chata,Slovensko,Vysoké Tatry,Tatranská Lomnica,2,"Tatranská Lomnica, stanice TEŽ / dolní stanice lanovky",horské středisko + vlak + autobus + lanovka,,celoročně; vždy ověřit aktuální stav cest a dopravy,A,"https://www.tatry.sk/skalnata-chata-2/
https://www.skalnatachata.sk/
https://www.tatry.sk/infocentrum/turisticke-ciele/vysokohorske-chaty/",,2026-07-21
HUT-0132,Skalnatá chata,Slovensko,Vysoké Tatry,Tatranská Lomnica,3,"Hrebienok, horní stanice pozemní lanovky",horní stanice lanovky + magistrála,,celoročně; vždy ověřit aktuální stav cest a dopravy,A,"https://www.tatry.sk/skalnata-chata-2/
https://www.skalnatachata.sk/
https://www.tatry.sk/infocentrum/turisticke-ciele/vysokohorske-chaty/",,2026-07-21
HUT-0133,Chata Plesnivec,Slovensko,Vysoké Tatry,Tatranská Kotlina,1,"Tatranská Kotlina, autobusová zastávka",horská obec + autobus + parkoviště,regionální autobus,celoročně; vždy ověřit aktuální stav cest a dopravy,A,"https://www.chataplesnivec.sk/
https://www.tatry.sk/infocentrum/turisticke-ciele/vysokohorske-chaty/",,2026-07-21
HUT-0133,Chata Plesnivec,Slovensko,Vysoké Tatry,Tatranská Kotlina,2,"Kežmarské Žľaby, autobusová zastávka",horská autobusová zastávka,,celoročně; vždy ověřit aktuální stav cest a dopravy,A,"https://www.chataplesnivec.sk/
https://www.tatry.sk/infocentrum/turisticke-ciele/vysokohorske-chaty/",,2026-07-21
HUT-0134,Chata pod Soliskom,Slovensko,Vysoké Tatry,Štrbské Pleso,1,"Solisko, horní stanice lanovky Solisko Express",horní stanice lanovky,sedačková lanovka ze Štrbského Plesa,celoročně; vždy ověřit aktuální stav cest a dopravy,A,"https://www.tatry.sk/infocentrum/doprava-a-infrastruktura/tatranske-lanovky/
https://www.chatasolisko.sk/
https://www.tatry.sk/infocentrum/turisticke-ciele/vysokohorske-chaty/",,2026-07-21
HUT-0134,Chata pod Soliskom,Slovensko,Vysoké Tatry,Štrbské Pleso,2,"Štrbské Pleso, železniční a autobusová stanice",horské středisko + vlak + autobus,,celoročně; vždy ověřit aktuální stav cest a dopravy,A,"https://www.tatry.sk/infocentrum/doprava-a-infrastruktura/tatranske-lanovky/
https://www.chatasolisko.sk/
https://www.tatry.sk/infocentrum/turisticke-ciele/vysokohorske-chaty/",,2026-07-21
HUT-0135,Majláthova chata,Slovensko,Vysoké Tatry,Štrbské Pleso,1,"Popradské Pleso, zastávka Tatranské elektrické železnice",vlak TEŽ + parkoviště,Tatranská elektrická železnice,celoročně; vždy ověřit aktuální stav cest a dopravy,A,"https://www.tatry.sk/popradske-pleso-2/
https://www.majlatka.sk/
https://www.tatry.sk/infocentrum/turisticke-ciele/vysokohorske-chaty/",,2026-07-21
HUT-0135,Majláthova chata,Slovensko,Vysoké Tatry,Štrbské Pleso,2,"Štrbské Pleso, železniční a autobusová stanice",horské středisko + vlak + autobus,,celoročně; vždy ověřit aktuální stav cest a dopravy,A,"https://www.tatry.sk/popradske-pleso-2/
https://www.majlatka.sk/
https://www.tatry.sk/infocentrum/turisticke-ciele/vysokohorske-chaty/",,2026-07-21
HUT-0136,Horský hotel Popradské pleso,Slovensko,Vysoké Tatry,Štrbské Pleso,1,"Popradské Pleso, zastávka Tatranské elektrické železnice",vlak TEŽ + parkoviště,Tatranská elektrická železnice,celoročně; vždy ověřit aktuální stav cest a dopravy,A,"https://www.tatry.sk/popradske-pleso-2/
https://www.popradskepleso.sk/
https://www.tatry.sk/infocentrum/turisticke-ciele/vysokohorske-chaty/",,2026-07-21
HUT-0136,Horský hotel Popradské pleso,Slovensko,Vysoké Tatry,Štrbské Pleso,2,"Štrbské Pleso, železniční a autobusová stanice",horské středisko + vlak + autobus,,celoročně; vždy ověřit aktuální stav cest a dopravy,A,"https://www.tatry.sk/popradske-pleso-2/
https://www.popradskepleso.sk/
https://www.tatry.sk/infocentrum/turisticke-ciele/vysokohorske-chaty/",,2026-07-21
HUT-0137,Sliezsky dom,Slovensko,Vysoké Tatry,Tatranská Polianka,1,"Tatranská Polianka, zastávka Tatranské elektrické železnice",vlak TEŽ + parkoviště,Tatranská elektrická železnice,celoročně; vždy ověřit aktuální stav cest a dopravy,A,"https://www.sliezskydom.sk/
https://www.tatry.sk/infocentrum/turisticke-ciele/vysokohorske-chaty/",,2026-07-21
HUT-0137,Sliezsky dom,Slovensko,Vysoké Tatry,Tatranská Polianka,2,"Hrebienok, horní stanice pozemní lanovky",horní stanice lanovky + magistrála,,celoročně; vždy ověřit aktuální stav cest a dopravy,A,"https://www.sliezskydom.sk/
https://www.tatry.sk/infocentrum/turisticke-ciele/vysokohorske-chaty/",,2026-07-21
HUT-0137,Sliezsky dom,Slovensko,Vysoké Tatry,Tatranská Polianka,3,"Starý Smokovec, stanice TEŽ",vlak + horské středisko,,celoročně; vždy ověřit aktuální stav cest a dopravy,A,"https://www.sliezskydom.sk/
https://www.tatry.sk/infocentrum/turisticke-ciele/vysokohorske-chaty/",,2026-07-21
HUT-0138,Chata Encián,Slovensko,Vysoké Tatry,Tatranská Lomnica,1,"Skalnaté pleso, horní stanice kabinkové lanovky",horní stanice lanovky + turistický uzel,kabinková lanovka z Tatranské Lomnice,celoročně; vždy ověřit aktuální stav cest a dopravy,A,"https://www.tatry.sk/skalnata-chata-2/
https://www.chataencian.sk/
https://www.tatry.sk/infocentrum/turisticke-ciele/vysokohorske-chaty/",,2026-07-21
HUT-0138,Chata Encián,Slovensko,Vysoké Tatry,Tatranská Lomnica,2,"Tatranská Lomnica, stanice TEŽ / dolní stanice lanovky",horské středisko + vlak + autobus + lanovka,,celoročně; vždy ověřit aktuální stav cest a dopravy,A,"https://www.tatry.sk/skalnata-chata-2/
https://www.chataencian.sk/
https://www.tatry.sk/infocentrum/turisticke-ciele/vysokohorske-chaty/",,2026-07-21
HUT-0138,Chata Encián,Slovensko,Vysoké Tatry,Tatranská Lomnica,3,"Hrebienok, horní stanice pozemní lanovky",horní stanice lanovky + magistrála,,celoročně; vždy ověřit aktuální stav cest a dopravy,A,"https://www.tatry.sk/skalnata-chata-2/
https://www.chataencian.sk/
https://www.tatry.sk/infocentrum/turisticke-ciele/vysokohorske-chaty/",,2026-07-21
HUT-0139,Žiarska chata,Slovensko,Západní Tatry,Žiar,1,"Žiarska dolina, centrální parkoviště",parkoviště na začátku doliny,autobus do obce Žiar,celoročně; vždy ověřit aktuální stav cest a dopravy,A,"https://ziarskachata.eu/
https://www.visitliptov.sk/turistika/",,2026-07-21
HUT-0139,Žiarska chata,Slovensko,Západní Tatry,Žiar,2,"Žiar, autobusová zastávka",obec + autobus,,celoročně; vždy ověřit aktuální stav cest a dopravy,A,"https://ziarskachata.eu/
https://www.visitliptov.sk/turistika/",,2026-07-21
HUT-0140,Ťatliakova chata,Slovensko,Západní Tatry,Zuberec,1,"Zverovka, autobusová zastávka / parkoviště",horské středisko + autobus + parkoviště,regionální a turistický autobus,celoročně; vždy ověřit aktuální stav cest a dopravy,A,"https://www.tatliakovachata.sk/
https://www.visitliptov.sk/turistika/",,2026-07-21
HUT-0140,Ťatliakova chata,Slovensko,Západní Tatry,Zuberec,2,"Roháče-Spálená, parkoviště / dolní stanice lanovky",horské středisko + lanovka + parkoviště,,celoročně; vždy ověřit aktuální stav cest a dopravy,A,"https://www.tatliakovachata.sk/
https://www.visitliptov.sk/turistika/",,2026-07-21
HUT-0141,Chata Zverovka,Slovensko,Západní Tatry,Zuberec,1,"Zverovka, autobusová zastávka / parkoviště",horské středisko + autobus + parkoviště,regionální a turistický autobus,celoročně; vždy ověřit aktuální stav cest a dopravy,A,"https://www.zverovka.sk/
https://www.visitliptov.sk/turistika/",,2026-07-21
HUT-0142,Chata pod Náružím,Slovensko,Západní Tatry,Bobrovec,1,"Bobrovec, Bobrovecká Vápenica / Jalovec – parkoviště",nástup do doliny + parkoviště,autobus do Bobrovce nebo Jalovce,celoročně; vždy ověřit aktuální stav cest a dopravy,B,https://www.visitliptov.sk/turistika/,,2026-07-21
HUT-0142,Chata pod Náružím,Slovensko,Západní Tatry,Bobrovec,2,"Jalovec, autobusová zastávka",obec + autobus,,celoročně; vždy ověřit aktuální stav cest a dopravy,B,https://www.visitliptov.sk/turistika/,,2026-07-21
HUT-0143,Chata Orešnica,Slovensko,Západní Tatry,Račkova dolina,1,"Račkova dolina, parkoviště / autobusová zastávka",rekreační oblast + parkoviště + autobus,regionální autobus do Pribyliny / Račkovy doliny,celoročně; vždy ověřit aktuální stav cest a dopravy,A,"https://www.oresnica.sk/
https://www.visitliptov.sk/turistika/",,2026-07-21
HUT-0143,Chata Orešnica,Slovensko,Západní Tatry,Račkova dolina,2,"Pribylina, centrum",obec + autobus,,celoročně; vždy ověřit aktuální stav cest a dopravy,A,"https://www.oresnica.sk/
https://www.visitliptov.sk/turistika/",,2026-07-21
HUT-0144,Horský hotel Mních,Slovensko,Západní Tatry,Bobrovec,1,"Bobrovec, centrum / autobusová zastávka",obec + autobus + parkoviště,regionální autobus,celoročně; vždy ověřit aktuální stav cest a dopravy,B,https://www.visitliptov.sk/turistika/,,2026-07-21
HUT-0144,Horský hotel Mních,Slovensko,Západní Tatry,Bobrovec,2,"Jalovec, autobusová zastávka",obec + autobus,,celoročně; vždy ověřit aktuální stav cest a dopravy,B,https://www.visitliptov.sk/turistika/,,2026-07-21
HUT-0145,Chata M. R. Štefánika,Slovensko,Nízké Tatry,Bystrá,1,"Trangoška, autobusová zastávka / parkoviště",horská autobusová zastávka + parkoviště,turistický autobus podle sezóny,celoročně; vždy ověřit aktuální stav cest a dopravy,A,"https://www.chatamrs.sk/
https://www.visitliptov.sk/turistika/",,2026-07-21
HUT-0145,Chata M. R. Štefánika,Slovensko,Nízké Tatry,Bystrá,2,"Čertovica, autobusová zastávka / parkoviště",horský průsmyk + autobus + parkoviště,,celoročně; vždy ověřit aktuální stav cest a dopravy,A,"https://www.chatamrs.sk/
https://www.visitliptov.sk/turistika/",,2026-07-21
HUT-0146,Kamenná chata pod Chopkom,Slovensko,Nízké Tatry,Demänovská Dolina,1,"Chopok, horní stanice lanovek",horní stanice lanovek + hřebenový uzel,lanovky z Jasné i z jižní strany Srdiečko,celoročně; vždy ověřit aktuální stav cest a dopravy,A,"https://www.kamennachata.sk/
https://www.visitliptov.sk/turistika/",,2026-07-21
HUT-0146,Kamenná chata pod Chopkom,Slovensko,Nízké Tatry,Demänovská Dolina,2,"Jasná, Biela Púť – dolní stanice lanovek",horské středisko + autobus + parkoviště + lanovka,,celoročně; vždy ověřit aktuální stav cest a dopravy,A,"https://www.kamennachata.sk/
https://www.visitliptov.sk/turistika/",,2026-07-21
HUT-0146,Kamenná chata pod Chopkom,Slovensko,Nízké Tatry,Demänovská Dolina,3,"Srdiečko, dolní stanice lanovky",horské středisko + autobus + parkoviště + lanovka,,celoročně; vždy ověřit aktuální stav cest a dopravy,A,"https://www.kamennachata.sk/
https://www.visitliptov.sk/turistika/",,2026-07-21
HUT-0147,Hotel Kosodrevina,Slovensko,Nízké Tatry,Bystrá,1,"Kosodrevina, stanice kabinkové lanovky",mezistanice lanovky,lanovka ze Srdiečka / Krupové,celoročně; vždy ověřit aktuální stav cest a dopravy,A,"https://www.kosodrevina.sk/
https://www.visitliptov.sk/turistika/",,2026-07-21
HUT-0147,Hotel Kosodrevina,Slovensko,Nízké Tatry,Bystrá,2,"Srdiečko, autobusová zastávka / parkoviště",horské středisko + autobus + parkoviště,,celoročně; vždy ověřit aktuální stav cest a dopravy,A,"https://www.kosodrevina.sk/
https://www.visitliptov.sk/turistika/",,2026-07-21
HUT-0148,Chata Trangoška,Slovensko,Nízké Tatry,Bystrá,1,"Trangoška, autobusová zastávka / parkoviště",horská autobusová zastávka + parkoviště,turistický autobus podle sezóny,celoročně; vždy ověřit aktuální stav cest a dopravy,A,"https://www.trangoska.sk/
https://www.visitliptov.sk/turistika/",,2026-07-21
HUT-0148,Chata Trangoška,Slovensko,Nízké Tatry,Bystrá,2,"Srdiečko, autobusová zastávka / parkoviště",horské středisko + autobus + parkoviště,,celoročně; vždy ověřit aktuální stav cest a dopravy,A,"https://www.trangoska.sk/
https://www.visitliptov.sk/turistika/",,2026-07-21
HUT-0149,Chata Magurka,Slovensko,Nízké Tatry,Partizánska Ľupča,1,"Magurka, osada / parkoviště",horská osada + parkoviště,omezená veřejná doprava; autobus do Partizánské Ľupče,celoročně; vždy ověřit aktuální stav cest a dopravy,B,"https://www.chatamagurka.sk/
https://www.visitliptov.sk/turistika/",,2026-07-21
HUT-0149,Chata Magurka,Slovensko,Nízké Tatry,Partizánska Ľupča,2,"Partizánska Ľupča, autobusová zastávka",obec + autobus,,celoročně; vždy ověřit aktuální stav cest a dopravy,B,"https://www.chatamagurka.sk/
https://www.visitliptov.sk/turistika/",,2026-07-21
HUT-0150,Chata pod Čertovicou,Slovensko,Nízké Tatry,Vyšná Boca,1,"Čertovica, autobusová zastávka / parkoviště",horský průsmyk + autobus + parkoviště,regionální a dálkové autobusy,celoročně; vždy ověřit aktuální stav cest a dopravy,A,"https://www.chatapodcertovicou.sk/
https://www.visitliptov.sk/turistika/",,2026-07-21
HUT-0151,Horská chata STIV Čertovica,Slovensko,Nízké Tatry,Vyšná Boca,1,"Čertovica, autobusová zastávka / parkoviště",horský průsmyk + autobus + parkoviště,regionální a dálkové autobusy,celoročně; vždy ověřit aktuální stav cest a dopravy,A,"https://www.stiv.sk/
https://www.visitliptov.sk/turistika/",,2026-07-21
HUT-0152,Útulňa Ďurková pod Chabencom,Slovensko,Nízké Tatry,Jasenie,1,"Magurka, osada / parkoviště",horská osada + parkoviště,autobus do Partizánské Ľupče,hřebenová útulna; v zimě pouze pro zkušené a podle lavinové situace,B,"https://www.utulnadurkova.sk/
https://www.visitliptov.sk/turistika/",,2026-07-21
HUT-0152,Útulňa Ďurková pod Chabencom,Slovensko,Nízké Tatry,Jasenie,2,"Jasenie, Kyslá – konec veřejné cesty",nástup do doliny + parkoviště,,hřebenová útulna; v zimě pouze pro zkušené a podle lavinové situace,B,"https://www.utulnadurkova.sk/
https://www.visitliptov.sk/turistika/",,2026-07-21
HUT-0152,Útulňa Ďurková pod Chabencom,Slovensko,Nízké Tatry,Jasenie,3,"Donovaly, autobusová zastávka",horské středisko + autobus,,hřebenová útulna; v zimě pouze pro zkušené a podle lavinové situace,B,"https://www.utulnadurkova.sk/
https://www.visitliptov.sk/turistika/",,2026-07-21
HUT-0153,Útulňa Andrejcová,Slovensko,Nízké Tatry,Pohorelá,1,"Pohorelá, centrum / železniční zastávka",obec + vlak + autobus,vlak a autobus,hřebenová útulna; v zimě pouze podle podmínek,B,"https://www.andrejcova.sk/
https://www.visitliptov.sk/turistika/",,2026-07-21
HUT-0153,Útulňa Andrejcová,Slovensko,Nízké Tatry,Pohorelá,2,"Heľpa, železniční stanice",vlak + obec,,hřebenová útulna; v zimě pouze podle podmínek,B,"https://www.andrejcova.sk/
https://www.visitliptov.sk/turistika/",,2026-07-21
HUT-0153,Útulňa Andrejcová,Slovensko,Nízké Tatry,Pohorelá,3,"Telgárt, železniční stanice",vlak + obec,,hřebenová útulna; v zimě pouze podle podmínek,B,"https://www.andrejcova.sk/
https://www.visitliptov.sk/turistika/",,2026-07-21
HUT-0154,Útulňa Ramža,Slovensko,Nízké Tatry,Liptovská Teplička,1,"Čertovica, autobusová zastávka / parkoviště",horský průsmyk + autobus + parkoviště,regionální autobus,hřebenová útulna; ověřit stav a zimní podmínky,B,https://www.visitliptov.sk/turistika/,,2026-07-21
HUT-0154,Útulňa Ramža,Slovensko,Nízké Tatry,Liptovská Teplička,2,"Liptovská Teplička, centrum / železniční zastávka",obec + vlak + autobus,,hřebenová útulna; ověřit stav a zimní podmínky,B,https://www.visitliptov.sk/turistika/,,2026-07-21
HUT-0155,Útulňa Hiadeľské sedlo,Slovensko,Nízké Tatry,Hiadeľ,1,"Hiadeľ, centrum / autobusová zastávka",obec + autobus,regionální autobus,celoročně; vždy ověřit aktuální stav cest a dopravy,B,https://www.visitliptov.sk/turistika/,,2026-07-21
HUT-0155,Útulňa Hiadeľské sedlo,Slovensko,Nízké Tatry,Hiadeľ,2,"Korytnica-kúpele, autobusová zastávka",horská autobusová zastávka,,celoročně; vždy ověřit aktuální stav cest a dopravy,B,https://www.visitliptov.sk/turistika/,,2026-07-21
HUT-0155,Útulňa Hiadeľské sedlo,Slovensko,Nízké Tatry,Hiadeľ,3,"Donovaly, autobusová zastávka",horské středisko + autobus,,celoročně; vždy ověřit aktuální stav cest a dopravy,B,https://www.visitliptov.sk/turistika/,,2026-07-21
HUT-0156,Chata Liptov,Slovensko,Nízké Tatry,Demänovská Dolina,1,"Jasná, Biela Púť – autobusová zastávka / parkoviště",horské středisko + autobus + parkoviště,skibus / turistický autobus,celoročně; vždy ověřit aktuální stav cest a dopravy,B,https://www.visitliptov.sk/turistika/,,2026-07-21
HUT-0157,Chata Opalisko,Slovensko,Nízké Tatry,Závažná Poruba,1,"Závažná Poruba, Opalisko – parkoviště / ski areál",horské středisko + parkoviště,autobus do Závažné Poruby,celoročně; vždy ověřit aktuální stav cest a dopravy,B,https://www.visitliptov.sk/turistika/,,2026-07-21
HUT-0157,Chata Opalisko,Slovensko,Nízké Tatry,Závažná Poruba,2,"Liptovský Ján, centrum",obec + autobus,,celoročně; vždy ověřit aktuální stav cest a dopravy,B,https://www.visitliptov.sk/turistika/,,2026-07-21
HUT-0158,Chata na Čertovici,Slovensko,Nízké Tatry,Vyšná Boca,1,"Čertovica, autobusová zastávka / parkoviště",horský průsmyk + autobus + parkoviště,regionální a dálkové autobusy,celoročně; vždy ověřit aktuální stav cest a dopravy,A,https://www.visitliptov.sk/turistika/,,2026-07-21
HUT-0159,Chata pod Chlebom,Slovensko,Malá Fatra,Vrátna,1,"Snilovské sedlo, horní stanice kabinkové lanovky",horní stanice lanovky + hřebenový uzel,kabinková lanovka z Vrátne,celoročně; vždy ověřit aktuální stav cest a dopravy,A,"https://www.chatachleb.sk/
https://www.regionmalafatra.sk/turistika/",,2026-07-21
HUT-0159,Chata pod Chlebom,Slovensko,Malá Fatra,Vrátna,2,"Vrátna, Chata Vrátna – autobusová zastávka / parkoviště",horské středisko + autobus + parkoviště + lanovka,,celoročně; vždy ověřit aktuální stav cest a dopravy,A,"https://www.chatachleb.sk/
https://www.regionmalafatra.sk/turistika/",,2026-07-21
HUT-0159,Chata pod Chlebom,Slovensko,Malá Fatra,Vrátna,3,"Šútovo, železniční zastávka",vlak + obec,,celoročně; vždy ověřit aktuální stav cest a dopravy,A,"https://www.chatachleb.sk/
https://www.regionmalafatra.sk/turistika/",,2026-07-21
HUT-0160,Chata na Grúni,Slovensko,Malá Fatra,Vrátna,1,"Vrátna, Starý dvor – autobusová zastávka / parkoviště",horské středisko + autobus + parkoviště,turistický autobus,celoročně; vždy ověřit aktuální stav cest a dopravy,A,"https://www.chatanagruni.sk/
https://www.regionmalafatra.sk/turistika/",,2026-07-21
HUT-0160,Chata na Grúni,Slovensko,Malá Fatra,Vrátna,2,"Vrátna, Chata Vrátna",horské středisko + autobus + parkoviště,,celoročně; vždy ověřit aktuální stav cest a dopravy,A,"https://www.chatanagruni.sk/
https://www.regionmalafatra.sk/turistika/",,2026-07-21
HUT-0161,Chata pod Suchým,Slovensko,Malá Fatra,Nezbudská Lúčka,1,"Nezbudská Lúčka-Strečno, železniční zastávka",vlak + turistická obec,vlak,celoročně; vždy ověřit aktuální stav cest a dopravy,A,"https://www.chatapodsuchym.sk/
https://www.regionmalafatra.sk/turistika/",,2026-07-21
HUT-0161,Chata pod Suchým,Slovensko,Malá Fatra,Nezbudská Lúčka,2,"Varín, železniční stanice",vlak + obec,,celoročně; vždy ověřit aktuální stav cest a dopravy,A,"https://www.chatapodsuchym.sk/
https://www.regionmalafatra.sk/turistika/",,2026-07-21
HUT-0162,Chata na Kľačianskej Magure,Slovensko,Malá Fatra,Turčianske Kľačany,1,"Turčianske Kľačany, centrum / parkoviště",obec + autobus + parkoviště,regionální autobus,celoročně; vždy ověřit aktuální stav cest a dopravy,B,"https://www.chatamartin.sk/
https://www.regionmalafatra.sk/turistika/",,2026-07-21
HUT-0162,Chata na Kľačianskej Magure,Slovensko,Malá Fatra,Turčianske Kľačany,2,"Vrútky, železniční stanice",vlak + město,,celoročně; vždy ověřit aktuální stav cest a dopravy,B,"https://www.chatamartin.sk/
https://www.regionmalafatra.sk/turistika/",,2026-07-21
HUT-0163,Chata Vrátna,Slovensko,Malá Fatra,Terchová,1,"Vrátna, Chata Vrátna – autobusová zastávka / parkoviště",horské středisko + autobus + parkoviště,turistický autobus,celoročně; vždy ověřit aktuální stav cest a dopravy,A,https://www.regionmalafatra.sk/turistika/,,2026-07-21
HUT-0164,Chata Martinské hole,Slovensko,Lúčanská Malá Fatra,Martin,1,"Martin, Stráne – konečná MHD / parkoviště",MHD + parkoviště + nástup ferraty,MHD Martin,celoročně; vždy ověřit aktuální stav cest a dopravy,A,https://www.regionmalafatra.sk/turistika/,,2026-07-21
HUT-0164,Chata Martinské hole,Slovensko,Lúčanská Malá Fatra,Martin,2,"Martinské hole, parkoviště",horský areál + parkoviště,,celoročně; vždy ověřit aktuální stav cest a dopravy,A,https://www.regionmalafatra.sk/turistika/,,2026-07-21
HUT-0165,Chata Ferrata,Slovensko,Lúčanská Malá Fatra,Martin,1,"Martin, Stráne – konečná MHD / parkoviště",MHD + parkoviště + nástup ferraty,MHD Martin,celoročně; vždy ověřit aktuální stav cest a dopravy,A,"https://www.chataferrata.sk/
https://www.regionmalafatra.sk/turistika/",,2026-07-21
HUT-0165,Chata Ferrata,Slovensko,Lúčanská Malá Fatra,Martin,2,"Martinské hole, parkoviště",horský areál + parkoviště,,celoročně; vždy ověřit aktuální stav cest a dopravy,A,"https://www.chataferrata.sk/
https://www.regionmalafatra.sk/turistika/",,2026-07-21
HUT-0166,Chata pod Borišovom,Slovensko,Velká Fatra,Belá-Dulice,1,"Belá-Dulice, Jasenská dolina – parkoviště",nástup do doliny + parkoviště,autobus do Belé-Dulice,celoročně; vždy ověřit aktuální stav cest a dopravy,B,"https://www.chatapodborisovom.sk/
https://www.velkafatra.sk/",,2026-07-21
HUT-0166,Chata pod Borišovom,Slovensko,Velká Fatra,Belá-Dulice,2,"Liptovské Revúce, Vyšná Revúca – autobusová zastávka",horská obec + autobus,,celoročně; vždy ověřit aktuální stav cest a dopravy,B,"https://www.chatapodborisovom.sk/
https://www.velkafatra.sk/",,2026-07-21
HUT-0166,Chata pod Borišovom,Slovensko,Velká Fatra,Belá-Dulice,3,"Necpaly, centrum",obec + autobus,,celoročně; vždy ověřit aktuální stav cest a dopravy,B,"https://www.chatapodborisovom.sk/
https://www.velkafatra.sk/",,2026-07-21
HUT-0167,Horský hotel Kráľova studňa,Slovensko,Velká Fatra,Dolný Harmanec,1,"Dolný Harmanec, Bystrická dolina – parkoviště",nástup do doliny + parkoviště,vlak / autobus do Dolného Harmance,celoročně; vždy ověřit aktuální stav cest a dopravy,B,"https://www.kralovastudna.com/
https://www.velkafatra.sk/",,2026-07-21
HUT-0167,Horský hotel Kráľova studňa,Slovensko,Velká Fatra,Dolný Harmanec,2,"Turecká, autobusová zastávka",horská obec + autobus,,celoročně; vždy ověřit aktuální stav cest a dopravy,B,"https://www.kralovastudna.com/
https://www.velkafatra.sk/",,2026-07-21
HUT-0168,Horský hotel Smrekovica,Slovensko,Velká Fatra,Ružomberok,1,"Ružomberok, Podsuchá – autobusová zastávka",horská autobusová zastávka,regionální autobus,celoročně; vždy ověřit aktuální stav cest a dopravy,B,"https://www.smrekovica.sk/
https://www.velkafatra.sk/",,2026-07-21
HUT-0168,Horský hotel Smrekovica,Slovensko,Velká Fatra,Ružomberok,2,"Liptovská Osada, centrum",obec + autobus,,celoročně; vždy ověřit aktuální stav cest a dopravy,B,"https://www.smrekovica.sk/
https://www.velkafatra.sk/",,2026-07-21
HUT-0169,Útulňa Limba pod Rakytovom,Slovensko,Velká Fatra,Liptovská Osada,1,"Liptovské Revúce, Nižná Revúca – autobusová zastávka",horská obec + autobus,regionální autobus,celoročně; vždy ověřit aktuální stav cest a dopravy,B,https://www.velkafatra.sk/,,2026-07-21
HUT-0169,Útulňa Limba pod Rakytovom,Slovensko,Velká Fatra,Liptovská Osada,2,"Liptovská Osada, centrum",obec + autobus,,celoročně; vždy ověřit aktuální stav cest a dopravy,B,https://www.velkafatra.sk/,,2026-07-21
HUT-0170,Chata Havranovo,Slovensko,Velká Fatra,Belá-Dulice,1,"Belá-Dulice, Jasenská dolina – parkoviště / autobusová zastávka",rekreační oblast + parkoviště + autobus,regionální autobus do Belé-Dulice,celoročně; vždy ověřit aktuální stav cest a dopravy,B,"https://www.havranovo.sk/
https://www.velkafatra.sk/",,2026-07-21
HUT-0170,Chata Havranovo,Slovensko,Velká Fatra,Belá-Dulice,2,"Belá-Dulice, centrum",obec + autobus,,celoročně; vždy ověřit aktuální stav cest a dopravy,B,"https://www.havranovo.sk/
https://www.velkafatra.sk/",,2026-07-21
HUT-0171,Chata Lysec,Slovensko,Velká Fatra,Belá-Dulice,1,"Belá-Dulice, Jasenská dolina – parkoviště / autobusová zastávka",rekreační oblast + parkoviště + autobus,regionální autobus do Belé-Dulice,celoročně; vždy ověřit aktuální stav cest a dopravy,B,https://www.velkafatra.sk/,,2026-07-21
HUT-0171,Chata Lysec,Slovensko,Velká Fatra,Belá-Dulice,2,"Belá-Dulice, centrum",obec + autobus,,celoročně; vždy ověřit aktuální stav cest a dopravy,B,https://www.velkafatra.sk/,,2026-07-21
HUT-0172,Chata pod Sidorovom,Slovensko,Velká Fatra,Ružomberok,1,"Vlkolínec, parkoviště / autobusová zastávka",památková obec + parkoviště + autobus,sezónní / regionální doprava,celoročně; vždy ověřit aktuální stav cest a dopravy,B,https://www.velkafatra.sk/,,2026-07-21
HUT-0172,Chata pod Sidorovom,Slovensko,Velká Fatra,Ružomberok,2,"Ružomberok, Hrabovo – autobusová zastávka / parkoviště",rekreační středisko + MHD + parkoviště,,celoročně; vždy ověřit aktuální stav cest a dopravy,B,https://www.velkafatra.sk/,,2026-07-21
HUT-0172,Chata pod Sidorovom,Slovensko,Velká Fatra,Ružomberok,3,"Malinô Brdo, horní stanice lanovky",horní stanice lanovky,,celoročně; vždy ověřit aktuální stav cest a dopravy,B,https://www.velkafatra.sk/,,2026-07-21
HUT-0173,Kláštorisko,Slovensko,Slovenský ráj,Letanovce,1,"Podlesok, centrální parkoviště / autobusová zastávka",hlavní vstup do národního parku + autobus + parkoviště,turistický autobus podle sezóny,celoročně; vždy ověřit aktuální stav cest a dopravy,A,"https://www.klastorisko.eu/
https://www.slovenskyraj.eu/",,2026-07-21
HUT-0173,Kláštorisko,Slovensko,Slovenský ráj,Letanovce,2,"Čingov, centrální parkoviště",hlavní vstup do národního parku + parkoviště,,celoročně; vždy ověřit aktuální stav cest a dopravy,A,"https://www.klastorisko.eu/
https://www.slovenskyraj.eu/",,2026-07-21
HUT-0173,Kláštorisko,Slovensko,Slovenský ráj,Letanovce,3,"Letanovce, železniční stanice",vlak + obec,,celoročně; vždy ověřit aktuální stav cest a dopravy,A,"https://www.klastorisko.eu/
https://www.slovenskyraj.eu/",,2026-07-21
HUT-0174,Chata Geravy,Slovensko,Slovenský ráj,Dedinky,1,"Geravy, horní stanice sedačkové lanovky",horní stanice lanovky + turistický uzel,sedačková lanovka z Dediniek,lanovka Dedinky–Geravy je sezónní; pěší přístup podle návštěvního řádu,A,"https://www.dedinky.eu/aktivity/sedackova-lanovka/
https://www.geravy.sk/
https://www.slovenskyraj.eu/",,2026-07-21
HUT-0174,Chata Geravy,Slovensko,Slovenský ráj,Dedinky,2,"Dedinky, železniční stanice / dolní stanice lanovky",vlak + obec + dolní stanice lanovky,,lanovka Dedinky–Geravy je sezónní; pěší přístup podle návštěvního řádu,A,"https://www.dedinky.eu/aktivity/sedackova-lanovka/
https://www.geravy.sk/
https://www.slovenskyraj.eu/",,2026-07-21
HUT-0174,Chata Geravy,Slovensko,Slovenský ráj,Dedinky,3,"Mlynky-Biele Vody, železniční zastávka",vlak + turistický uzel,,lanovka Dedinky–Geravy je sezónní; pěší přístup podle návštěvního řádu,A,"https://www.dedinky.eu/aktivity/sedackova-lanovka/
https://www.geravy.sk/
https://www.slovenskyraj.eu/",,2026-07-21
HUT-0175,Chata Čingov,Slovensko,Slovenský ráj,Spišské Tomášovce,1,"Čingov, centrální parkoviště / autobusová zastávka",hlavní vstup do národního parku + autobus + parkoviště,turistický autobus podle sezóny,celoročně; vždy ověřit aktuální stav cest a dopravy,A,https://www.slovenskyraj.eu/,,2026-07-21
HUT-0175,Chata Čingov,Slovensko,Slovenský ráj,Spišské Tomášovce,2,"Spišské Tomášovce, železniční zastávka",vlak + obec,,celoročně; vždy ověřit aktuální stav cest a dopravy,A,https://www.slovenskyraj.eu/,,2026-07-21
HUT-0176,Chata Piecky,Slovensko,Slovenský ráj,Hrabušice,1,"Hrabušice-Píla, parkoviště / autobusová zastávka",vstup do rokliny + parkoviště + autobus,sezónní turistický autobus,celoročně; vždy ověřit aktuální stav cest a dopravy,A,https://www.slovenskyraj.eu/,,2026-07-21
HUT-0176,Chata Piecky,Slovensko,Slovenský ráj,Hrabušice,2,"Podlesok, centrální parkoviště",hlavní vstup do národního parku + parkoviště,,celoročně; vždy ověřit aktuální stav cest a dopravy,A,https://www.slovenskyraj.eu/,,2026-07-21
HUT-0177,Chata Dedinky,Slovensko,Slovenský ráj,Dedinky,1,"Dedinky, železniční stanice / centrum",vlak + turistická obec + parkoviště,vlak a autobus,celoročně; vždy ověřit aktuální stav cest a dopravy,A,https://www.slovenskyraj.eu/,,2026-07-21
HUT-0178,Ranč Podlesok,Slovensko,Slovenský ráj,Hrabušice,1,"Podlesok, centrální parkoviště / autobusová zastávka",hlavní vstup do národního parku + autobus + parkoviště,turistický autobus podle sezóny,celoročně; vždy ověřit aktuální stav cest a dopravy,A,https://www.slovenskyraj.eu/,,2026-07-21
HUT-0179,Chata Zbojská,Slovensko,Veporské vrchy,Pohronská Polhora,1,"Zbojská, železniční zastávka / autobusová zastávka",vlak + autobus + horský průsmyk + parkoviště,vlak a autobus,celoročně; vždy ověřit aktuální stav cest a dopravy,A,"https://www.zbojska.sk/
https://www.horehronie.sk/",,2026-07-21
HUT-0180,Chata Burda,Slovensko,Muránska planina,Muráň,1,"Muráň, centrum / autobusová zastávka",obec + autobus + parkoviště,regionální autobus,celoročně; vždy ověřit aktuální stav cest a dopravy,B,https://www.npmuranskaplanina.sk/,,2026-07-21
HUT-0180,Chata Burda,Slovensko,Muránska planina,Muráň,2,"Muránska Huta, autobusová zastávka",horská obec + autobus,,celoročně; vždy ověřit aktuální stav cest a dopravy,B,https://www.npmuranskaplanina.sk/,,2026-07-21
HUT-0181,Útulňa Nižná Kľaková,Slovensko,Muránska planina,Muráň,1,"Muráň, centrum / autobusová zastávka",obec + autobus + parkoviště,regionální autobus,útulna na delších přechodech; před cestou ověřit stav a vodu,B,https://www.npmuranskaplanina.sk/,,2026-07-21
HUT-0181,Útulňa Nižná Kľaková,Slovensko,Muránska planina,Muráň,2,"Muránska Huta, autobusová zastávka",horská obec + autobus,,útulna na delších přechodech; před cestou ověřit stav a vodu,B,https://www.npmuranskaplanina.sk/,,2026-07-21
HUT-0181,Útulňa Nižná Kľaková,Slovensko,Muránska planina,Muráň,3,"Červená Skala, železniční stanice",vlak + obec,,útulna na delších přechodech; před cestou ověřit stav a vodu,B,https://www.npmuranskaplanina.sk/,,2026-07-21
HUT-0182,Chata pod Fabovou hoľou,Slovensko,Veporské vrchy,Pohronská Polhora,1,"Zbojská, železniční zastávka / autobusová zastávka",vlak + autobus + horský průsmyk + parkoviště,vlak a autobus,celoročně; vždy ověřit aktuální stav cest a dopravy,B,https://www.horehronie.sk/,,2026-07-21
HUT-0182,Chata pod Fabovou hoľou,Slovensko,Veporské vrchy,Pohronská Polhora,2,"Pohronská Polhora, železniční stanice",vlak + obec,,celoročně; vždy ověřit aktuální stav cest a dopravy,B,https://www.horehronie.sk/,,2026-07-21
HUT-0183,Chata Janka,Slovensko,Stolické vrchy,Muránska Huta / Muránska Zdychava,1,Sedlo Javorinka na silnici II/531,horské silniční sedlo + omezené parkování,příjezd po silnici Muráň–Červená Skala; veřejné spojení je omezené,celoročně podle sněhu; před cestou ověřit přístupnost a možnost využití chaty,B,"https://kstsb.sk/2023/02/05/2-5-2-2023-predna-hora/
https://draciastopa.sk/chata-janka-kyprov/",Nejkratší běžný nástup do oblasti je ze sedla Javorinka přes Šumiackou priehybku a Severnou lúku. Značené varianty vedou také z Muránskej Huty a Muránskej Zdychavy.,2026-07-21
HUT-0183,Chata Janka,Slovensko,Stolické vrchy,Muránska Huta / Muránska Zdychava,2,"Muránska Huta, autobusová zastávka",horská obec + autobus,,celoročně podle sněhu; před cestou ověřit přístupnost a možnost využití chaty,B,"https://kstsb.sk/2023/02/05/2-5-2-2023-predna-hora/
https://draciastopa.sk/chata-janka-kyprov/",Nejkratší běžný nástup do oblasti je ze sedla Javorinka přes Šumiackou priehybku a Severnou lúku. Značené varianty vedou také z Muránskej Huty a Muránskej Zdychavy.,2026-07-21
HUT-0183,Chata Janka,Slovensko,Stolické vrchy,Muránska Huta / Muránska Zdychava,3,"Muránska Zdychava, centrum / autobusová zastávka",horská obec + autobus,,celoročně podle sněhu; před cestou ověřit přístupnost a možnost využití chaty,B,"https://kstsb.sk/2023/02/05/2-5-2-2023-predna-hora/
https://draciastopa.sk/chata-janka-kyprov/",Nejkratší běžný nástup do oblasti je ze sedla Javorinka přes Šumiackou priehybku a Severnou lúku. Značené varianty vedou také z Muránskej Huty a Muránskej Zdychavy.,2026-07-21
HUT-0184,Horský hotel Poľana,Slovensko,Poľana,Hriňová,1,"Hriňová, Bystré-Vrátka – parkoviště",nástup do hor + parkoviště,autobus do Hriňové,celoročně; vždy ověřit aktuální stav cest a dopravy,B,https://www.hotelpolana.sk/,,2026-07-21
HUT-0184,Horský hotel Poľana,Slovensko,Poľana,Hriňová,2,"Hriňová, autobusové nádraží",město + autobus,,celoročně; vždy ověřit aktuální stav cest a dopravy,B,https://www.hotelpolana.sk/,,2026-07-21
HUT-0184,Horský hotel Poľana,Slovensko,Poľana,Hriňová,3,"Detva, železniční stanice",vlak + návazný autobus,,celoročně; vždy ověřit aktuální stav cest a dopravy,B,https://www.hotelpolana.sk/,,2026-07-21
HUT-0185,Chata pod Hrbom,Slovensko,Veporské vrchy,Ľubietová,1,"Ľubietová, centrum / autobusová zastávka",obec + autobus + parkoviště,regionální autobus,celoročně; vždy ověřit aktuální stav cest a dopravy,B,https://www.horehronie.sk/,,2026-07-21
HUT-0186,Chata Lajoška,Slovensko,Volovské vrchy,Košice,1,"Jahodná, autobusová zastávka / parkoviště",horské středisko + autobus + parkoviště,MHD / regionální autobus z Košic,celoročně; vždy ověřit aktuální stav cest a dopravy,A,https://www.lajoska.sk/,,2026-07-21
HUT-0186,Chata Lajoška,Slovensko,Volovské vrchy,Košice,2,"Košice-Bankov, autobusová zastávka",výletní místo + MHD,,celoročně; vždy ověřit aktuální stav cest a dopravy,A,https://www.lajoska.sk/,,2026-07-21
HUT-0187,Chata Erika,Slovensko,Volovské vrchy,Zlatá Idka,1,"Zlatá Idka, konečná autobusová zastávka / parkoviště",horská obec + autobus + parkoviště,regionální autobus; oficiální web chaty jej označuje jako nejkratší a nejfrekventovanější nástup,"celoročně podle podmínek; ze Zlatej Idky přibližně 5,5 km a 2 hodiny",A,"https://www.chataerika.sk/vychodiska-pristupove-turisticky-znackovane-chodniky-ku-chate-erika
https://www.chataerika.sk/",Zlatá Idka je přímo na webu chaty uvedena jako nejkratší a nejvíce frekventovaný výstup díky výhodnému autobusovému spojení.,2026-07-21
HUT-0187,Chata Erika,Slovensko,Volovské vrchy,Zlatá Idka,2,"Prakovce, železniční zastávka",vlak + obec,,"celoročně podle podmínek; ze Zlatej Idky přibližně 5,5 km a 2 hodiny",A,"https://www.chataerika.sk/vychodiska-pristupove-turisticky-znackovane-chodniky-ku-chate-erika
https://www.chataerika.sk/",Zlatá Idka je přímo na webu chaty uvedena jako nejkratší a nejvíce frekventovaný výstup díky výhodnému autobusovému spojení.,2026-07-21
HUT-0187,Chata Erika,Slovensko,Volovské vrchy,Zlatá Idka,3,"Gelnica zastávka, železniční zastávka",vlak,,"celoročně podle podmínek; ze Zlatej Idky přibližně 5,5 km a 2 hodiny",A,"https://www.chataerika.sk/vychodiska-pristupove-turisticky-znackovane-chodniky-ku-chate-erika
https://www.chataerika.sk/",Zlatá Idka je přímo na webu chaty uvedena jako nejkratší a nejvíce frekventovaný výstup díky výhodnému autobusovému spojení.,2026-07-21
HUT-0188,Chata Hrešná,Slovensko,Čierna hora,Kavečany,1,"Košice-Kavečany, zastávka Kavečany cintorín",konečná / zastávka MHD + naučná stezka,"MHD Košice, linka 29",celoročně; provoz občerstvení a sezónní dopravy ověřit před cestou,A,"https://chatahresna.sk/
https://chatahresna.sk/aktivity/
https://www.keturist.sk/info/horske-chaty-a-utulne/chata-hresna/","Oficiální naučná stezka Kavečany–Hrešná začíná u zastávky Kavečany cintorín a měří přibližně 2,2 km. Alternativní delší přístupy vedou z Čermeľa a Alpinky.",2026-07-21
HUT-0188,Chata Hrešná,Slovensko,Čierna hora,Kavečany,2,"Čermeľ, rekreační středisko / zastávka MHD",MHD + rekreační středisko,,celoročně; provoz občerstvení a sezónní dopravy ověřit před cestou,A,"https://chatahresna.sk/
https://chatahresna.sk/aktivity/
https://www.keturist.sk/info/horske-chaty-a-utulne/chata-hresna/","Oficiální naučná stezka Kavečany–Hrešná začíná u zastávky Kavečany cintorín a měří přibližně 2,2 km. Alternativní delší přístupy vedou z Čermeľa a Alpinky.",2026-07-21
HUT-0188,Chata Hrešná,Slovensko,Čierna hora,Kavečany,3,"Alpinka, rekreační středisko / zastávka dětské železnice",rekreační středisko + sezónní železnice / autobus,,celoročně; provoz občerstvení a sezónní dopravy ověřit před cestou,A,"https://chatahresna.sk/
https://chatahresna.sk/aktivity/
https://www.keturist.sk/info/horske-chaty-a-utulne/chata-hresna/","Oficiální naučná stezka Kavečany–Hrešná začíná u zastávky Kavečany cintorín a měří přibližně 2,2 km. Alternativní delší přístupy vedou z Čermeľa a Alpinky.",2026-07-21
HUT-0189,Chata Volovec,Slovensko,Volovské vrchy,Rožňava,1,"Čučma, centrum / autobusová zastávka",horská obec + autobus + parkoviště,regionální autobus z Rožňavy,celoročně; vždy ověřit aktuální stav cest a dopravy,B,"https://www.outdooractive.com/en/route/hiking-trail/slovenske-rudohorie/hidden-mountain-of-roznava-the-pozsallo/800276443/
https://app.hzs.sk/",,2026-07-21
HUT-0189,Chata Volovec,Slovensko,Volovské vrchy,Rožňava,2,"Rožňava, autobusové nádraží",město + autobus,,celoročně; vždy ověřit aktuální stav cest a dopravy,B,"https://www.outdooractive.com/en/route/hiking-trail/slovenske-rudohorie/hidden-mountain-of-roznava-the-pozsallo/800276443/
https://app.hzs.sk/",,2026-07-21
HUT-0190,Chata Čergov,Slovensko,Čergov,Hertník,1,"Hertník, Majdan – parkoviště / autobusová zastávka",nástup do doliny + parkoviště + autobus,regionální autobus,celoročně; vždy ověřit aktuální stav cest a dopravy,B,https://www.chatacergov.sk/,,2026-07-21
HUT-0190,Chata Čergov,Slovensko,Čergov,Hertník,2,"Čergov, sedlo – turistický rozcestník",hřebenový turistický uzel,,celoročně; vždy ověřit aktuální stav cest a dopravy,B,https://www.chatacergov.sk/,,2026-07-21
HUT-0191,Chata Lysá,Slovensko,Čergov,Drienica,1,"Drienica, ski areál – parkoviště / dolní stanice lanovky",horské středisko + parkoviště + lanovka,lanovka podle sezóny,"lanovka Drienica–Lysá je v letní sezóně 2026 plánována o víkendech 9:00–16:30 do 31. 8. 2026; provoz závisí na počasí, před cestou ověřit",A,"https://www.skilysa.sk/otvaracie-hodiny/
https://www.lanovky.sk/sk/lanovka/drienica-lysa/prevadzka","Hlavní pěší nástup je ze střediska Drienica; horní stanice sedačkové lanovky výrazně zkracuje přístup, pouze je-li lanovka v provozu.",2026-07-21
HUT-0191,Chata Lysá,Slovensko,Čergov,Drienica,2,"Lysá, horní stanice lanovky",horní stanice lanovky,,"lanovka Drienica–Lysá je v letní sezóně 2026 plánována o víkendech 9:00–16:30 do 31. 8. 2026; provoz závisí na počasí, před cestou ověřit",A,"https://www.skilysa.sk/otvaracie-hodiny/
https://www.lanovky.sk/sk/lanovka/drienica-lysa/prevadzka","Hlavní pěší nástup je ze střediska Drienica; horní stanice sedačkové lanovky výrazně zkracuje přístup, pouze je-li lanovka v provozu.",2026-07-21
HUT-0192,Chata Morské oko,Slovensko,Vihorlatské vrchy,Remetské Hámre,1,"Morské oko, centrální parkoviště",parkoviště u chráněného území,autobus do Remetských Hámrů,celoročně; vždy ověřit aktuální stav cest a dopravy,A,https://www.kosiceregion.com/,,2026-07-21
HUT-0192,Chata Morské oko,Slovensko,Vihorlatské vrchy,Remetské Hámre,2,"Remetské Hámre, autobusová zastávka",obec + autobus,,celoročně; vždy ověřit aktuální stav cest a dopravy,A,https://www.kosiceregion.com/,,2026-07-21
HUT-0193,Útulňa pod Sninským kameňom,Slovensko,Vihorlatské vrchy,Zemplínske Hámre,1,"Zemplínske Hámre, Sninské rybníky – parkoviště",rekreační oblast + parkoviště,autobus do Zemplínských Hámrů,celoročně; vždy ověřit aktuální stav cest a dopravy,B,https://www.kosiceregion.com/,,2026-07-21
HUT-0193,Útulňa pod Sninským kameňom,Slovensko,Vihorlatské vrchy,Zemplínske Hámre,2,"Morské oko, centrální parkoviště",parkoviště u chráněného území,,celoročně; vždy ověřit aktuální stav cest a dopravy,B,https://www.kosiceregion.com/,,2026-07-21
HUT-0193,Útulňa pod Sninským kameňom,Slovensko,Vihorlatské vrchy,Zemplínske Hámre,3,"Snina, železniční stanice",vlak + město,,celoročně; vždy ověřit aktuální stav cest a dopravy,B,https://www.kosiceregion.com/,,2026-07-21
HUT-0194,Útulňa Kremenec,Slovensko,Bukovské vrchy,Nová Sedlica,1,"Nová Sedlica, konečná autobusu / parkoviště",nejvýchodnější turistická obec + autobus + parkoviště,regionální autobus,"odlehlá oblast; ověřit stav cest, počasí a pravidla NP Poloniny",A,https://www.nppoloniny.sk/,,2026-07-21
HUT-0194,Útulňa Kremenec,Slovensko,Bukovské vrchy,Nová Sedlica,2,"Stakčín, železniční stanice",vlak + návazný autobus,,"odlehlá oblast; ověřit stav cest, počasí a pravidla NP Poloniny",A,https://www.nppoloniny.sk/,,2026-07-21
HUT-0195,Útulňa pod Kýčerou,Slovensko,Bukovské vrchy,Nová Sedlica,1,"Nová Sedlica, konečná autobusu / parkoviště",nejvýchodnější turistická obec + autobus + parkoviště,regionální autobus,"odlehlá oblast; ověřit stav cest, počasí a pravidla NP Poloniny",A,https://www.nppoloniny.sk/,,2026-07-21
HUT-0195,Útulňa pod Kýčerou,Slovensko,Bukovské vrchy,Nová Sedlica,2,"Stakčín, železniční stanice",vlak + návazný autobus,,"odlehlá oblast; ověřit stav cest, počasí a pravidla NP Poloniny",A,https://www.nppoloniny.sk/,,2026-07-21
HUT-0196,Zádielska chata,Slovensko,Slovenský kras,Zádiel,1,"Zádiel, vstup do tiesňavy – parkoviště / autobusová zastávka",vstup do soutěsky + parkoviště + autobus,regionální autobus,celoročně; vždy ověřit aktuální stav cest a dopravy,A,"https://www.zadiel.sk/
https://turisticky.sk/turistika/zadielska-dolina/",,2026-07-21
HUT-0197,Chata Hrádok,Slovensko,Slovenský kras,Jelšava,1,"Gočaltovo, Hrádok – autobusová zastávka",autobusová zastávka v horském sedle / rekreační oblasti,regionální autobus; pěšky k areálu Hrádok,celoročně; parkování u jeskyně a její provoz jsou sezónně regulovány,B,"https://www.ssj.sk/sk/jaskyna/12-ochtinska-aragonitova-jaskyna
https://www.obecochtina.sk/obec/turizmus/jaskyna-ochtina/
https://www.slovensky-kras.eu/info/strediska-a-centra/obec-ochtina/","Chata a areál Hrádok leží u silnice mezi Jelšavou a Štítnikem. Nejbližší veřejný nástup je zastávka Gočaltovo, Hrádok; pěší varianta z Ochtiné vede po modré značce směrem k jeskyni.",2026-07-21
HUT-0197,Chata Hrádok,Slovensko,Slovenský kras,Jelšava,2,"Ochtinská aragonitová jaskyňa, parkoviště",turistické parkoviště,,celoročně; parkování u jeskyně a její provoz jsou sezónně regulovány,B,"https://www.ssj.sk/sk/jaskyna/12-ochtinska-aragonitova-jaskyna
https://www.obecochtina.sk/obec/turizmus/jaskyna-ochtina/
https://www.slovensky-kras.eu/info/strediska-a-centra/obec-ochtina/","Chata a areál Hrádok leží u silnice mezi Jelšavou a Štítnikem. Nejbližší veřejný nástup je zastávka Gočaltovo, Hrádok; pěší varianta z Ochtiné vede po modré značce směrem k jeskyni.",2026-07-21
HUT-0197,Chata Hrádok,Slovensko,Slovenský kras,Jelšava,3,"Ochtiná, centrum / autobusová zastávka",obec + autobus + značená trasa,,celoročně; parkování u jeskyně a její provoz jsou sezónně regulovány,B,"https://www.ssj.sk/sk/jaskyna/12-ochtinska-aragonitova-jaskyna
https://www.obecochtina.sk/obec/turizmus/jaskyna-ochtina/
https://www.slovensky-kras.eu/info/strediska-a-centra/obec-ochtina/","Chata a areál Hrádok leží u silnice mezi Jelšavou a Štítnikem. Nejbližší veřejný nástup je zastávka Gočaltovo, Hrádok; pěší varianta z Ochtiné vede po modré značce směrem k jeskyni.",2026-07-21
HUT-0198,Kamzík - Koliba Expo,Slovensko,Malé Karpaty,Bratislava,1,"Kamzík, horní stanice lanovky Železná studienka–Kamzík",horní stanice lanovky + MHD / parkoviště,lanovka ze Železné studienky; MHD na Kolibu,celoročně; vždy ověřit aktuální stav cest a dopravy,A,https://www.visitbratislava.com/sk/,,2026-07-21
HUT-0198,Kamzík - Koliba Expo,Slovensko,Malé Karpaty,Bratislava,2,"Bratislava-Koliba, konečná MHD",MHD + turistický uzel,,celoročně; vždy ověřit aktuální stav cest a dopravy,A,https://www.visitbratislava.com/sk/,,2026-07-21
HUT-0198,Kamzík - Koliba Expo,Slovensko,Malé Karpaty,Bratislava,3,"Železná studienka, dolní stanice lanovky",MHD + dolní stanice lanovky,,celoročně; vždy ověřit aktuální stav cest a dopravy,A,https://www.visitbratislava.com/sk/,,2026-07-21
HUT-0199,Chata pod Veľkou Homoľou,Slovensko,Malé Karpaty,Modra,1,"Zochova chata, autobusová zastávka / parkoviště",horská autobusová zastávka + parkoviště,regionální autobus Bratislava–Modra,celoročně; vždy ověřit aktuální stav cest a dopravy,A,https://www.visitbratislava.com/sk/,,2026-07-21
HUT-0199,Chata pod Veľkou Homoľou,Slovensko,Malé Karpaty,Modra,2,"Modra-Piesok, autobusová zastávka",rekreační oblast + autobus,,celoročně; vždy ověřit aktuální stav cest a dopravy,A,https://www.visitbratislava.com/sk/,,2026-07-21
HUT-0200,Chata Zoška,Slovensko,Malé Karpaty,Modra,1,"Zochova chata, autobusová zastávka / parkoviště",horská autobusová zastávka + parkoviště,regionální autobus Bratislava–Modra,celoročně; vždy ověřit aktuální stav cest a dopravy,A,"https://zoskapark.sk/chata-zoska/
https://www.visitbratislava.com/sk/",,2026-07-21
HUT-0200,Chata Zoška,Slovensko,Malé Karpaty,Modra,2,"Modra-Piesok, autobusová zastávka",rekreační oblast + autobus,,celoročně; vždy ověřit aktuální stav cest a dopravy,A,"https://zoskapark.sk/chata-zoska/
https://www.visitbratislava.com/sk/",,2026-07-21
HUT-0201,Chata Ahoj,Slovensko,Malé Karpaty,Pezinok,1,"Pezinok, Kučišdorfská dolina – parkoviště",nástup do doliny + parkoviště,MHD / autobus z Pezinku podle sezóny,celoročně; vždy ověřit aktuální stav cest a dopravy,B,https://www.visitbratislava.com/sk/,,2026-07-21
HUT-0201,Chata Ahoj,Slovensko,Malé Karpaty,Pezinok,2,"Pezinok, železniční stanice",vlak + město,,celoročně; vždy ověřit aktuální stav cest a dopravy,B,https://www.visitbratislava.com/sk/,,2026-07-21
HUT-0202,Chata na Pezinskej Babe,Slovensko,Malé Karpaty,Pezinok,1,"Pezinská Baba, autobusová zastávka / parkoviště",horský průsmyk + autobus + parkoviště,regionální autobus,celoročně; vždy ověřit aktuální stav cest a dopravy,A,https://www.visitbratislava.com/sk/,,2026-07-21
HUT-0203,Chata Inovec,Slovensko,Považský Inovec,Trenčianske Jastrabie,1,"Trenčianske Jastrabie, centrum / autobusová zastávka",obec + autobus + parkoviště,regionální autobus,celoročně; vždy ověřit aktuální stav cest a dopravy,B,https://www.chatainovec.sk/,,2026-07-21
HUT-0203,Chata Inovec,Slovensko,Považský Inovec,Trenčianske Jastrabie,2,"Dubodiel, autobusová zastávka",obec + autobus,,celoročně; vždy ověřit aktuální stav cest a dopravy,B,https://www.chatainovec.sk/,,2026-07-21
HUT-0204,Chata Baske,Slovensko,Strážovské vrchy,Trenčianske Teplice,1,"Omšenie, centrum / autobusová zastávka",obec + autobus + parkoviště,regionální autobus,celoročně; vždy ověřit aktuální stav cest a dopravy,B,https://www.chatabaske.sk/,,2026-07-21
HUT-0204,Chata Baske,Slovensko,Strážovské vrchy,Trenčianske Teplice,2,"Dolná Poruba, autobusová zastávka",obec + autobus,,celoročně; vždy ověřit aktuální stav cest a dopravy,B,https://www.chatabaske.sk/,,2026-07-21
HUT-0204,Chata Baske,Slovensko,Strážovské vrchy,Trenčianske Teplice,3,"Trenčianske Teplice, autobusové nádraží",lázeňské město + autobus,,celoročně; vždy ověřit aktuální stav cest a dopravy,B,https://www.chatabaske.sk/,,2026-07-21
HUT-0205,Chata pod Gýmešom,Slovensko,Tribeč,Jelenec,1,"Jelenec, Remitáž – parkoviště",rekreační oblast + parkoviště,autobus do Jelence,celoročně; vždy ověřit aktuální stav cest a dopravy,A,"https://www.nitra.eu/9097/k-hradu-gymes
https://slovakia.travel/co-vidiet-a-robit/objavujeme-slovensko-z-domu/gymessky-hrad",,2026-07-21
HUT-0205,Chata pod Gýmešom,Slovensko,Tribeč,Jelenec,2,"Jelenec, autobusová zastávka",obec + autobus,,celoročně; vždy ověřit aktuální stav cest a dopravy,A,"https://www.nitra.eu/9097/k-hradu-gymes
https://slovakia.travel/co-vidiet-a-robit/objavujeme-slovensko-z-domu/gymessky-hrad",,2026-07-21
HUT-0206,Chata Hostie,Slovensko,Pohronský Inovec,Hostie,1,"Hostie, centrum / autobusová zastávka",obec + autobus + parkoviště,regionální autobus,celoročně; vždy ověřit aktuální stav cest a dopravy,B,"https://www.hostie.sk/
https://app.hzs.sk/",,2026-07-21
HUT-0207,Chata Skalka,Slovensko,Kremnické vrchy,Kremnica,1,"Kremnica-Skalka, autobusová zastávka / parkoviště",horské středisko + autobus + parkoviště,regionální / turistický autobus,"celoročně; autobus z Kremnice na Skalku je na městském webu uváděn o víkendech v 9:00, jízdní řád a zimní skibus vždy ověřit",A,"https://www.kremnica.sk/rekreacne-stredisko-skalka.html
https://www.visitkremnica.com/turisticka-trasa-kremnica-tri-krize-skalka/",Nejpraktičtější nástup je přímo v rekreačním středisku Skalka; celodenní pěší alternativa vede z Kremnice.,2026-07-21
HUT-0207,Chata Skalka,Slovensko,Kremnické vrchy,Kremnica,2,"Kremnica, železniční stanice",vlak + město,,"celoročně; autobus z Kremnice na Skalku je na městském webu uváděn o víkendech v 9:00, jízdní řád a zimní skibus vždy ověřit",A,"https://www.kremnica.sk/rekreacne-stredisko-skalka.html
https://www.visitkremnica.com/turisticka-trasa-kremnica-tri-krize-skalka/",Nejpraktičtější nástup je přímo v rekreačním středisku Skalka; celodenní pěší alternativa vede z Kremnice.,2026-07-21
HUT-0208,Chata Cabanka,Slovensko,Kremnické vrchy,Kordíky / Skalka pri Kremnici,1,"Skalka pri Kremnici, bežecký štadión / centrální parkoviště",horské středisko + parkoviště + autobus,víkendový autobus z Kremnice podle aktuálního jízdního řádu; v zimě možný skibus,"celoročně; v zimě může vést nástup po upravovaných běžkařských tratích, provoz autobusu a úpravu stop vždy ověřit",A,"https://www.visitbanskabystrica.sk/leisure_poi/trasa-j-kraliky-skalka/
https://www.bielastopa.sk/trate/
https://www.obeckraliky.sk/zivot-v-obci/letne-aktivity/turistika/
https://www.kremnica.sk/rekreacne-stredisko-skalka.html",Nejpoužívanější logistický nástup je ze Skalky po severním okruhu Cabanka. Kratší pěší přístup vede z Kordík přes Kordícke sedlo.,2026-07-21
HUT-0208,Chata Cabanka,Slovensko,Kremnické vrchy,Kordíky / Skalka pri Kremnici,2,"Kordíky, centrum / autobusová zastávka",horská obec + autobus,,"celoročně; v zimě může vést nástup po upravovaných běžkařských tratích, provoz autobusu a úpravu stop vždy ověřit",A,"https://www.visitbanskabystrica.sk/leisure_poi/trasa-j-kraliky-skalka/
https://www.bielastopa.sk/trate/
https://www.obeckraliky.sk/zivot-v-obci/letne-aktivity/turistika/
https://www.kremnica.sk/rekreacne-stredisko-skalka.html",Nejpoužívanější logistický nástup je ze Skalky po severním okruhu Cabanka. Kratší pěší přístup vede z Kordík přes Kordícke sedlo.,2026-07-21
HUT-0208,Chata Cabanka,Slovensko,Kremnické vrchy,Kordíky / Skalka pri Kremnici,3,"Králiky, lyžařské středisko / parkoviště",horské středisko + parkoviště,,"celoročně; v zimě může vést nástup po upravovaných běžkařských tratích, provoz autobusu a úpravu stop vždy ověřit",A,"https://www.visitbanskabystrica.sk/leisure_poi/trasa-j-kraliky-skalka/
https://www.bielastopa.sk/trate/
https://www.obeckraliky.sk/zivot-v-obci/letne-aktivity/turistika/
https://www.kremnica.sk/rekreacne-stredisko-skalka.html",Nejpoužívanější logistický nástup je ze Skalky po severním okruhu Cabanka. Kratší pěší přístup vede z Kordík přes Kordícke sedlo.,2026-07-21
HUT-0209,Horská chata Kmínek,Slovensko,Javorníky,Makov,1,"Makov-Kasárne, autobusová zastávka / parkoviště",hřebenové středisko + autobus + parkoviště,regionální autobus do Makova; místní spoje podle sezóny,celoročně; vždy ověřit aktuální stav cest a dopravy,B,https://www.kminek.sk/,,2026-07-21
HUT-0209,Horská chata Kmínek,Slovensko,Javorníky,Makov,2,"Bílá, Konečná – autobusová zastávka",přeshraniční horská autobusová zastávka,,celoročně; vždy ověřit aktuální stav cest a dopravy,B,https://www.kminek.sk/,,2026-07-21
HUT-0210,Chata na Veľkej Rači,Slovensko,Kysucké Beskydy,Oščadnica,1,"Oščadnica-Dedovka, dolní stanice lanovky / parkoviště",horské středisko + dolní stanice lanovky + parkoviště,lanovka a skibus / autobus podle sezóny,celoročně; vždy ověřit aktuální stav cest a dopravy,A,https://www.visitkysuce.sk/,,2026-07-21
HUT-0210,Chata na Veľkej Rači,Slovensko,Kysucké Beskydy,Oščadnica,2,"Veľká Rača, horní stanice lanovky Dedovka",horní stanice lanovky,,celoročně; vždy ověřit aktuální stav cest a dopravy,A,https://www.visitkysuce.sk/,,2026-07-21
HUT-0211,Chata Marguška,Slovensko,Kysucké Beskydy,Oščadnica,1,"Oščadnica-Dedovka, dolní stanice lanovky / parkoviště",horské středisko + dolní stanice lanovky + parkoviště,lanovka a skibus / autobus podle sezóny,celoročně; vždy ověřit aktuální stav cest a dopravy,A,"https://www.marguska.sk/
https://www.visitkysuce.sk/",,2026-07-21
HUT-0211,Chata Marguška,Slovensko,Kysucké Beskydy,Oščadnica,2,"Veľká Rača, horní stanice lanovky Dedovka",horní stanice lanovky,,celoročně; vždy ověřit aktuální stav cest a dopravy,A,"https://www.marguska.sk/
https://www.visitkysuce.sk/",,2026-07-21
HUT-0212,Chata Slaná voda,Slovensko,Oravské Beskydy,Oravská Polhora,1,"Slaná voda, parkoviště / autobusová zastávka",rekreační oblast + parkoviště + autobus,regionální autobus do Oravské Polhory,celoročně; vždy ověřit aktuální stav cest a dopravy,A,"https://www.slanavoda.sk/
https://www.visitorava.sk/",,2026-07-21
HUT-0212,Chata Slaná voda,Slovensko,Oravské Beskydy,Oravská Polhora,2,"Oravská Polhora, centrum",obec + autobus,,celoročně; vždy ověřit aktuální stav cest a dopravy,A,"https://www.slanavoda.sk/
https://www.visitorava.sk/",,2026-07-21
HUT-0213,Hviezdoslavova hájovňa,Slovensko,Oravské Beskydy,Oravská Polhora,1,"Slaná voda, parkoviště / autobusová zastávka",rekreační oblast + parkoviště + autobus,regionální autobus do Oravské Polhory,celoročně; vždy ověřit aktuální stav cest a dopravy,A,https://www.visitorava.sk/,,2026-07-21
HUT-0213,Hviezdoslavova hájovňa,Slovensko,Oravské Beskydy,Oravská Polhora,2,"Oravská Polhora, centrum",obec + autobus,,celoročně; vždy ověřit aktuální stav cest a dopravy,A,https://www.visitorava.sk/,,2026-07-21
HUT-0214,Chata na Kubínskej holi,Slovensko,Oravská Magura,Dolný Kubín,1,"Kubínska hoľa, horní stanice lanovky",horní stanice lanovky + horské středisko,lanovka z areálu Kubínska,celoročně; vždy ověřit aktuální stav cest a dopravy,A,https://www.visitorava.sk/,,2026-07-21
HUT-0214,Chata na Kubínskej holi,Slovensko,Oravská Magura,Dolný Kubín,2,"Kubínska hoľa, dolní stanice lanovky / parkoviště",dolní stanice lanovky + parkoviště,,celoročně; vždy ověřit aktuální stav cest a dopravy,A,https://www.visitorava.sk/,,2026-07-21
HUT-0214,Chata na Kubínskej holi,Slovensko,Oravská Magura,Dolný Kubín,3,"Dolný Kubín, autobusové nádraží",město + autobus,,celoročně; vždy ověřit aktuální stav cest a dopravy,A,https://www.visitorava.sk/,,2026-07-21
HUT-0215,Chata pod Minčolom,Slovensko,Oravská Magura,Dolný Kubín,1,"Kubínska hoľa, horní stanice lanovky",horní stanice lanovky + horské středisko,lanovka z areálu Kubínska,celoročně; vždy ověřit aktuální stav cest a dopravy,A,https://www.visitorava.sk/,,2026-07-21
HUT-0215,Chata pod Minčolom,Slovensko,Oravská Magura,Dolný Kubín,2,"Kubínska hoľa, dolní stanice lanovky / parkoviště",dolní stanice lanovky + parkoviště,,celoročně; vždy ověřit aktuální stav cest a dopravy,A,https://www.visitorava.sk/,,2026-07-21
HUT-0215,Chata pod Minčolom,Slovensko,Oravská Magura,Dolný Kubín,3,"Dolný Kubín, autobusové nádraží",město + autobus,,celoročně; vždy ověřit aktuální stav cest a dopravy,A,https://www.visitorava.sk/,,2026-07-21
HUT-0216,Chata Čerenka,Slovensko,Javorníky,Makov,1,"Makov, Ski Makov – parkoviště / dolní stanice vleku",lyžařské středisko + parkoviště + vlek,vlak a autobus do Makova; vlek na Čerenku pouze podle provozu střediska,celoročně; v zimě respektovat upravenou běžkařskou stopu a ověřit provoz vleku,B,"https://www.makov.sk/cestovny-ruch/beskydsko-javornicka-magistrala/
https://app.hzs.sk/",Oficiální stránka obce popisuje nástup z Melocíku po červené a možnost dostat se na Čerenku vlekem ze Ski Makov. Centrum Makova je hlavní uzel veřejné dopravy.,2026-07-21
HUT-0216,Chata Čerenka,Slovensko,Javorníky,Makov,2,"Melocík, hostinec / autobusová zastávka",hřebenový turistický uzel + autobus,,celoročně; v zimě respektovat upravenou běžkařskou stopu a ověřit provoz vleku,B,"https://www.makov.sk/cestovny-ruch/beskydsko-javornicka-magistrala/
https://app.hzs.sk/",Oficiální stránka obce popisuje nástup z Melocíku po červené a možnost dostat se na Čerenku vlekem ze Ski Makov. Centrum Makova je hlavní uzel veřejné dopravy.,2026-07-21
HUT-0216,Chata Čerenka,Slovensko,Javorníky,Makov,3,"Makov, centrum – železniční a autobusová stanice",vlak + autobus + obec,,celoročně; v zimě respektovat upravenou běžkařskou stopu a ověřit provoz vleku,B,"https://www.makov.sk/cestovny-ruch/beskydsko-javornicka-magistrala/
https://app.hzs.sk/",Oficiální stránka obce popisuje nástup z Melocíku po červené a možnost dostat se na Čerenku vlekem ze Ski Makov. Centrum Makova je hlavní uzel veřejné dopravy.,2026-07-21
HUT-0217,Dom Śląski,Polsko,Karkonosze,Karpacz,1,"Karpacz, Kopa – horní stanice lanovky",horní stanice lanovky + turistický uzel,lanovka z Karpacze,celoročně; vždy ověřit aktuální stav cest a dopravy,A,"https://domslaski.pl/
https://kpn.gov.pl/turystyka",,2026-07-21
HUT-0217,Dom Śląski,Polsko,Karkonosze,Karpacz,2,"Karpacz, Wang – autobusová zastávka / parkoviště",hlavní turistický vstup + autobus + parkoviště,,celoročně; vždy ověřit aktuální stav cest a dopravy,A,"https://domslaski.pl/
https://kpn.gov.pl/turystyka",,2026-07-21
HUT-0217,Dom Śląski,Polsko,Karkonosze,Karpacz,3,"Pec pod Sněžkou, horní stanice lanovky Sněžka",přeshraniční lanovka + hřebenová trasa,,celoročně; vždy ověřit aktuální stav cest a dopravy,A,"https://domslaski.pl/
https://kpn.gov.pl/turystyka",,2026-07-21
HUT-0218,Samotnia,Polsko,Karkonosze,Karpacz,1,"Karpacz, Wang – autobusová zastávka / parkoviště",hlavní turistický vstup + autobus + parkoviště,městský / regionální autobus,celoročně; vždy ověřit aktuální stav cest a dopravy,A,"https://samotnia.com.pl/
https://kpn.gov.pl/turystyka",,2026-07-21
HUT-0218,Samotnia,Polsko,Karkonosze,Karpacz,2,"Karpacz, Kopa – horní stanice lanovky",horní stanice lanovky,,celoročně; vždy ověřit aktuální stav cest a dopravy,A,"https://samotnia.com.pl/
https://kpn.gov.pl/turystyka",,2026-07-21
HUT-0219,Strzecha Akademicka,Polsko,Karkonosze,Karpacz,1,"Karpacz, Wang – autobusová zastávka / parkoviště",hlavní turistický vstup + autobus + parkoviště,městský / regionální autobus,celoročně; vždy ověřit aktuální stav cest a dopravy,A,"https://strzechaakademicka.pl/
https://kpn.gov.pl/turystyka",,2026-07-21
HUT-0219,Strzecha Akademicka,Polsko,Karkonosze,Karpacz,2,"Karpacz, Kopa – horní stanice lanovky",horní stanice lanovky,,celoročně; vždy ověřit aktuální stav cest a dopravy,A,"https://strzechaakademicka.pl/
https://kpn.gov.pl/turystyka",,2026-07-21
HUT-0220,Schronisko Nad Łomniczką,Polsko,Karkonosze,Karpacz,1,"Karpacz, Orlinek / Biały Jar – autobusová zastávka",horské středisko + autobus + parkoviště,městský / regionální autobus,celoročně; vždy ověřit aktuální stav cest a dopravy,B,https://kpn.gov.pl/turystyka,,2026-07-21
HUT-0220,Schronisko Nad Łomniczką,Polsko,Karkonosze,Karpacz,2,"Karpacz, centrum",horské středisko + autobus,,celoročně; vždy ověřit aktuální stav cest a dopravy,B,https://kpn.gov.pl/turystyka,,2026-07-21
HUT-0221,Odrodzenie,Polsko,Karkonosze,Przesieka,1,"Przełęcz Karkonoska / Špindlerova bouda, autobusová zastávka",hřebenový průsmyk + autobus,autobus ze Špindlerova Mlýna na české straně,celoročně; vždy ověřit aktuální stav cest a dopravy,A,"https://schroniskoodrodzenie.com/
https://kpn.gov.pl/turystyka",,2026-07-21
HUT-0221,Odrodzenie,Polsko,Karkonosze,Przesieka,2,"Przesieka, centrum / parkoviště",horská obec + autobus + parkoviště,,celoročně; vždy ověřit aktuální stav cest a dopravy,A,"https://schroniskoodrodzenie.com/
https://kpn.gov.pl/turystyka",,2026-07-21
HUT-0222,Pod Łabskim Szczytem,Polsko,Karkonosze,Szklarska Poręba,1,"Szklarska Poręba, Ski Arena Szrenica – dolní stanice lanovky",horské středisko + dolní stanice lanovky + autobus + parkoviště,lanovka na Szrenici; vlak a autobus do města,celoročně; vždy ověřit aktuální stav cest a dopravy,A,"https://podlabskim.pl/
https://kpn.gov.pl/turystyka",,2026-07-21
HUT-0222,Pod Łabskim Szczytem,Polsko,Karkonosze,Szklarska Poręba,2,"Szrenica, horní stanice lanovky",horní stanice lanovky,,celoročně; vždy ověřit aktuální stav cest a dopravy,A,"https://podlabskim.pl/
https://kpn.gov.pl/turystyka",,2026-07-21
HUT-0222,Pod Łabskim Szczytem,Polsko,Karkonosze,Szklarska Poręba,3,"Szklarska Poręba Górna, železniční stanice",vlak + město,,celoročně; vždy ověřit aktuální stav cest a dopravy,A,"https://podlabskim.pl/
https://kpn.gov.pl/turystyka",,2026-07-21
HUT-0223,Szrenica,Polsko,Karkonosze,Szklarska Poręba,1,"Szklarska Poręba, Ski Arena Szrenica – dolní stanice lanovky",horské středisko + dolní stanice lanovky + autobus + parkoviště,lanovka na Szrenici; vlak a autobus do města,celoročně; vždy ověřit aktuální stav cest a dopravy,A,"https://szrenica.pl/
https://kpn.gov.pl/turystyka",,2026-07-21
HUT-0223,Szrenica,Polsko,Karkonosze,Szklarska Poręba,2,"Szrenica, horní stanice lanovky",horní stanice lanovky,,celoročně; vždy ověřit aktuální stav cest a dopravy,A,"https://szrenica.pl/
https://kpn.gov.pl/turystyka",,2026-07-21
HUT-0223,Szrenica,Polsko,Karkonosze,Szklarska Poręba,3,"Szklarska Poręba Górna, železniční stanice",vlak + město,,celoročně; vždy ověřit aktuální stav cest a dopravy,A,"https://szrenica.pl/
https://kpn.gov.pl/turystyka",,2026-07-21
HUT-0224,Hala Szrenicka,Polsko,Karkonosze,Szklarska Poręba,1,"Szklarska Poręba, Ski Arena Szrenica – dolní stanice lanovky",horské středisko + dolní stanice lanovky + autobus + parkoviště,lanovka na Szrenici; vlak a autobus do města,celoročně; vždy ověřit aktuální stav cest a dopravy,A,"https://halaszrenicka.pl/
https://kpn.gov.pl/turystyka",,2026-07-21
HUT-0224,Hala Szrenicka,Polsko,Karkonosze,Szklarska Poręba,2,"Szrenica, horní stanice lanovky",horní stanice lanovky,,celoročně; vždy ověřit aktuální stav cest a dopravy,A,"https://halaszrenicka.pl/
https://kpn.gov.pl/turystyka",,2026-07-21
HUT-0224,Hala Szrenicka,Polsko,Karkonosze,Szklarska Poręba,3,"Szklarska Poręba Górna, železniční stanice",vlak + město,,celoročně; vždy ověřit aktuální stav cest a dopravy,A,"https://halaszrenicka.pl/
https://kpn.gov.pl/turystyka",,2026-07-21
HUT-0225,Kamieńczyk,Polsko,Karkonosze,Szklarska Poręba,1,"Szklarska Poręba, parking Wodospad Kamieńczyka",parkoviště + turistický uzel,vlak a autobus do Szklarské Poręby,celoročně; vždy ověřit aktuální stav cest a dopravy,A,https://kpn.gov.pl/turystyka,,2026-07-21
HUT-0225,Kamieńczyk,Polsko,Karkonosze,Szklarska Poręba,2,"Szklarska Poręba Górna, železniční stanice",vlak + město,,celoročně; vždy ověřit aktuální stav cest a dopravy,A,https://kpn.gov.pl/turystyka,,2026-07-21
HUT-0225,Kamieńczyk,Polsko,Karkonosze,Szklarska Poręba,3,"Jakuszyce, železniční stanice Polana Jakuszycka",vlak + turistický uzel,,celoročně; vždy ověřit aktuální stav cest a dopravy,A,https://kpn.gov.pl/turystyka,,2026-07-21
HUT-0226,Kochanówka,Polsko,Karkonosze,Szklarska Poręba,1,"Szklarska Poręba, Wodospad Szklarki – autobusová zastávka / parkoviště",turistická autobusová zastávka + parkoviště,regionální autobus,celoročně; vždy ověřit aktuální stav cest a dopravy,A,https://kpn.gov.pl/turystyka,,2026-07-21
HUT-0226,Kochanówka,Polsko,Karkonosze,Szklarska Poręba,2,"Szklarska Poręba Dolna, železniční stanice",vlak,,celoročně; vždy ověřit aktuální stav cest a dopravy,A,https://kpn.gov.pl/turystyka,,2026-07-21
HUT-0227,Na Przełęczy Okraj,Polsko,Karkonosze,Kowary,1,"Przełęcz Okraj / Pomezní Boudy, autobusová zastávka / parkoviště",hřebenový průsmyk + přeshraniční autobus + parkoviště,autobus z české strany do Pomezních Bud,celoročně; vždy ověřit aktuální stav cest a dopravy,A,"https://schroniskookraj.pl/
https://kpn.gov.pl/turystyka",,2026-07-21
HUT-0227,Na Przełęczy Okraj,Polsko,Karkonosze,Kowary,2,"Kowary, centrum",město + autobus,,celoročně; vždy ověřit aktuální stav cest a dopravy,A,"https://schroniskookraj.pl/
https://kpn.gov.pl/turystyka",,2026-07-21
HUT-0228,Szwajcarka,Polsko,Rudawy Janowickie,Janowice Wielkie,1,"Przełęcz Karpnicka, parkoviště",horský průsmyk + parkoviště,autobus do Karpnik / Janowic,celoročně; vždy ověřit aktuální stav cest a dopravy,A,https://szwajcarka.com.pl/,,2026-07-21
HUT-0228,Szwajcarka,Polsko,Rudawy Janowickie,Janowice Wielkie,2,"Janowice Wielkie, železniční stanice",vlak + obec,,celoročně; vždy ověřit aktuální stav cest a dopravy,A,https://szwajcarka.com.pl/,,2026-07-21
HUT-0229,Stacja Turystyczna Orle,Polsko,Góry Izerskie,Szklarska Poręba,1,"Jakuszyce, železniční stanice Polana Jakuszycka",vlak + hlavní turistický uzel,vlak,celoročně; vždy ověřit aktuální stav cest a dopravy,A,"https://www.orleizerskie.pl/
https://www.goryizerskie.pl/",,2026-07-21
HUT-0229,Stacja Turystyczna Orle,Polsko,Góry Izerskie,Szklarska Poręba,2,"Szklarska Poręba, centrum",horské středisko + vlak + autobus,,celoročně; vždy ověřit aktuální stav cest a dopravy,A,"https://www.orleizerskie.pl/
https://www.goryizerskie.pl/",,2026-07-21
HUT-0230,Chatka Górzystów,Polsko,Góry Izerskie,Świeradów-Zdrój,1,"Jakuszyce, železniční stanice Polana Jakuszycka",vlak + hlavní turistický uzel,vlak,celoročně; vždy ověřit aktuální stav cest a dopravy,B,"https://chatkagorzystow.pl/
https://www.goryizerskie.pl/",,2026-07-21
HUT-0230,Chatka Górzystów,Polsko,Góry Izerskie,Świeradów-Zdrój,2,"Świeradów-Zdrój, centrum",horské středisko + autobus,,celoročně; vždy ověřit aktuální stav cest a dopravy,B,"https://chatkagorzystow.pl/
https://www.goryizerskie.pl/",,2026-07-21
HUT-0230,Chatka Górzystów,Polsko,Góry Izerskie,Świeradów-Zdrój,3,"Jizerka, Mořina",přeshraniční horská osada + autobus,,celoročně; vždy ověřit aktuální stav cest a dopravy,B,"https://chatkagorzystow.pl/
https://www.goryizerskie.pl/",,2026-07-21
HUT-0231,Na Stogu Izerskim,Polsko,Góry Izerskie,Świeradów-Zdrój,1,"Stóg Izerski, horní stanice gondoly",horní stanice lanovky,gondola ze Świeradówa-Zdroje,celoročně; vždy ověřit aktuální stav cest a dopravy,A,"https://www.schroniskonastogu.pl/
https://www.goryizerskie.pl/",,2026-07-21
HUT-0231,Na Stogu Izerskim,Polsko,Góry Izerskie,Świeradów-Zdrój,2,"Świeradów-Zdrój, dolní stanice gondoly",horské středisko + autobus + parkoviště + lanovka,,celoročně; vždy ověřit aktuální stav cest a dopravy,A,"https://www.schroniskonastogu.pl/
https://www.goryizerskie.pl/",,2026-07-21
HUT-0232,Wysoki Kamień,Polsko,Góry Izerskie,Szklarska Poręba,1,"Szklarska Poręba Górna, železniční stanice",vlak + horské středisko,vlak,celoročně; vždy ověřit aktuální stav cest a dopravy,A,"https://wysokikamien.com.pl/
https://www.goryizerskie.pl/",,2026-07-21
HUT-0232,Wysoki Kamień,Polsko,Góry Izerskie,Szklarska Poręba,2,"Jakuszyce, železniční stanice Polana Jakuszycka",vlak + turistický uzel,,celoročně; vždy ověřit aktuální stav cest a dopravy,A,"https://wysokikamien.com.pl/
https://www.goryizerskie.pl/",,2026-07-21
HUT-0233,Schronisko Orlica,Polsko,Góry Orlickie,Zieleniec,1,"Zieleniec, centrum / autobusová zastávka / parkoviště",horské středisko + autobus + parkoviště,regionální / skibus,celoročně; dostupnost autobusů a skibusů do Zieleńce je sezónní,A,"https://www.orlica.info/
https://zieleniec.pl/lato/trasy-rowerowe-i-piesze","Chata leží přímo v horském středisku Zieleniec, takže hlavním výchozím bodem je centrum střediska a jeho parkoviště či autobusové zastávky.",2026-07-21
HUT-0234,Schronisko Jagodna,Polsko,Góry Bystrzyckie,Spalona,1,"Spalona, autobusová zastávka / parkoviště",horský průsmyk + autobus + parkoviště,regionální autobus podle sezóny,celoročně; vždy ověřit aktuální stav cest a dopravy,A,https://jagodna.com/,,2026-07-21
HUT-0235,Schronisko Pod Muflonem,Polsko,Góry Bystrzyckie,Duszniki-Zdrój,1,"Duszniki-Zdrój, centrum / železniční stanice",lázeňské město + vlak + autobus,vlak a autobus,celoročně; vždy ověřit aktuální stav cest a dopravy,B,https://podmuflonem.pl/,,2026-07-21
HUT-0235,Schronisko Pod Muflonem,Polsko,Góry Bystrzyckie,Duszniki-Zdrój,2,"Zieleniec, autobusová zastávka",horské středisko + autobus,,celoročně; vždy ověřit aktuální stav cest a dopravy,B,https://podmuflonem.pl/,,2026-07-21
HUT-0236,Schronisko Na Śnieżniku,Polsko,Masyw Śnieżnika,Międzygórze,1,"Międzygórze, centrální parkoviště / autobusová zastávka",horská obec + autobus + parkoviště,regionální autobus,celoročně; vždy ověřit aktuální stav cest a dopravy,A,https://schroniskonasniezniku.eu/,,2026-07-21
HUT-0236,Schronisko Na Śnieżniku,Polsko,Masyw Śnieżnika,Międzygórze,2,"Kletno, parkoviště Jaskinia Niedźwiedzia",turistický areál + parkoviště,,celoročně; vždy ověřit aktuální stav cest a dopravy,A,https://schroniskonasniezniku.eu/,,2026-07-21
HUT-0236,Schronisko Na Śnieżniku,Polsko,Masyw Śnieżnika,Międzygórze,3,"Dolní Morava, centrum",přeshraniční horské středisko + autobus,,celoročně; vždy ověřit aktuální stav cest a dopravy,A,https://schroniskonasniezniku.eu/,,2026-07-21
HUT-0237,Schronisko Na Iglicznej,Polsko,Masyw Śnieżnika,Międzygórze,1,"Międzygórze, centrum / parkoviště",horská obec + autobus + parkoviště,regionální autobus,celoročně; vždy ověřit aktuální stav cest a dopravy,B,"https://pttk.pl/accommodations/
https://www.miedzygorze.com.pl/",,2026-07-21
HUT-0237,Schronisko Na Iglicznej,Polsko,Masyw Śnieżnika,Międzygórze,2,"Marianówka, centrum",obec + autobus,,celoročně; vždy ověřit aktuální stav cest a dopravy,B,"https://pttk.pl/accommodations/
https://www.miedzygorze.com.pl/",,2026-07-21
HUT-0238,Andrzejówka,Polsko,Góry Kamienne,Mieroszów,1,"Przełęcz Trzech Dolin, parkoviště / autobusová zastávka",horský průsmyk + parkoviště + autobus,regionální autobus podle sezóny,celoročně; vždy ověřit aktuální stav cest a dopravy,A,https://andrzejowka.com.pl/,,2026-07-21
HUT-0238,Andrzejówka,Polsko,Góry Kamienne,Mieroszów,2,"Sokołowsko, autobusová zastávka",horská obec + autobus,,celoročně; vždy ověřit aktuální stav cest a dopravy,A,https://andrzejowka.com.pl/,,2026-07-21
HUT-0239,Pasterka,Polsko,Góry Stołowe,Radków,1,"Pasterka, parkoviště / autobusová zastávka",horská obec + parkoviště + autobus,sezónní / regionální autobus,celoročně; vždy ověřit aktuální stav cest a dopravy,A,https://pasterka.pl/,,2026-07-21
HUT-0239,Pasterka,Polsko,Góry Stołowe,Radków,2,"Karłów, autobusová zastávka / parkoviště",turistická obec + autobus + parkoviště,,celoročně; vždy ověřit aktuální stav cest a dopravy,A,https://pasterka.pl/,,2026-07-21
HUT-0240,Na Szczelińcu,Polsko,Góry Stołowe,Karłów,1,"Karłów, autobusová zastávka / centrální parkoviště",hlavní turistický vstup + autobus + parkoviště,regionální autobus,celoročně; vždy ověřit aktuální stav cest a dopravy,A,https://naszczelincu.pl/,,2026-07-21
HUT-0241,Zygmuntówka,Polsko,Góry Sowie,Bielawa,1,"Przełęcz Jugowska, parkoviště / autobusová zastávka",horský průsmyk + autobus + parkoviště,regionální autobus podle sezóny,celoročně; vždy ověřit aktuální stav cest a dopravy,A,https://zygmuntowka.pl/,,2026-07-21
HUT-0241,Zygmuntówka,Polsko,Góry Sowie,Bielawa,2,"Jugów, centrum",obec + autobus,,celoročně; vždy ověřit aktuální stav cest a dopravy,A,https://zygmuntowka.pl/,,2026-07-21
HUT-0242,Pod Kopą Biskupią,Polsko,Góry Opawskie,Głuchołazy,1,"Jarnołtówek, centrální parkoviště / autobusová zastávka",horská obec + autobus + parkoviště,regionální autobus,celoročně; vždy ověřit aktuální stav cest a dopravy,A,https://podkopabiskupia.pl/,,2026-07-21
HUT-0242,Pod Kopą Biskupią,Polsko,Góry Opawskie,Głuchołazy,2,"Pokrzywna, autobusová zastávka",rekreační obec + autobus,,celoročně; vždy ověřit aktuální stav cest a dopravy,A,https://podkopabiskupia.pl/,,2026-07-21
HUT-0242,Pod Kopą Biskupią,Polsko,Góry Opawskie,Głuchołazy,3,"Zlaté Hory, autobusové nádraží",přeshraniční město + autobus,,celoročně; vždy ověřit aktuální stav cest a dopravy,A,https://podkopabiskupia.pl/,,2026-07-21
HUT-0243,Schronisko na Stożku,Polsko,Beskid Śląski,Wisła,1,"Wisła Głębce, železniční stanice",vlak + horské město,vlak,celoročně; vždy ověřit aktuální stav cest a dopravy,A,"https://stozek.com.pl/
https://slaskie.travel/",,2026-07-21
HUT-0243,Schronisko na Stożku,Polsko,Beskid Śląski,Wisła,2,"Wisła Łabajów, parkoviště / autobusová zastávka",turistický nástup + parkoviště + autobus,,celoročně; vždy ověřit aktuální stav cest a dopravy,A,"https://stozek.com.pl/
https://slaskie.travel/",,2026-07-21
HUT-0243,Schronisko na Stożku,Polsko,Beskid Śląski,Wisła,3,"Stożek, horní stanice lanovky",horní stanice lanovky,,celoročně; vždy ověřit aktuální stav cest a dopravy,A,"https://stozek.com.pl/
https://slaskie.travel/",,2026-07-21
HUT-0244,Schronisko na Soszowie,Polsko,Beskid Śląski,Wisła,1,"Wisła Jawornik, parkoviště / autobusová zastávka",horská část města + autobus + parkoviště,městský / regionální autobus,celoročně; vždy ověřit aktuální stav cest a dopravy,B,"https://soszow.pl/
https://slaskie.travel/",,2026-07-21
HUT-0244,Schronisko na Soszowie,Polsko,Beskid Śląski,Wisła,2,"Soszów, horní stanice lanovky",horní stanice lanovky,,celoročně; vždy ověřit aktuální stav cest a dopravy,B,"https://soszow.pl/
https://slaskie.travel/",,2026-07-21
HUT-0244,Schronisko na Soszowie,Polsko,Beskid Śląski,Wisła,3,"Wisła Uzdrowisko, železniční stanice",vlak + město,,celoročně; vždy ověřit aktuální stav cest a dopravy,B,"https://soszow.pl/
https://slaskie.travel/",,2026-07-21
HUT-0245,Schronisko na Równicy,Polsko,Beskid Śląski,Ustroń,1,"Ustroń Polana, železniční stanice",vlak + horské středisko,vlak,celoročně; vždy ověřit aktuální stav cest a dopravy,A,"https://rownica.com.pl/
https://slaskie.travel/",,2026-07-21
HUT-0245,Schronisko na Równicy,Polsko,Beskid Śląski,Ustroń,2,"Równica, vrcholové parkoviště",parkoviště,,celoročně; vždy ověřit aktuální stav cest a dopravy,A,"https://rownica.com.pl/
https://slaskie.travel/",,2026-07-21
HUT-0245,Schronisko na Równicy,Polsko,Beskid Śląski,Ustroń,3,"Ustroń centrum, železniční stanice",vlak + lázeňské město,,celoročně; vždy ověřit aktuální stav cest a dopravy,A,"https://rownica.com.pl/
https://slaskie.travel/",,2026-07-21
HUT-0246,Przysłop pod Baranią Górą,Polsko,Beskid Śląski,Wisła,1,"Wisła Czarne, parkoviště / autobusová zastávka",horská část města + autobus + parkoviště,městský / regionální autobus,celoročně; vždy ověřit aktuální stav cest a dopravy,A,"https://przyslop.pl/
https://slaskie.travel/",,2026-07-21
HUT-0246,Przysłop pod Baranią Górą,Polsko,Beskid Śląski,Wisła,2,"Przełęcz Kubalonka, autobusová zastávka / parkoviště",horský průsmyk + autobus + parkoviště,,celoročně; vždy ověřit aktuální stav cest a dopravy,A,"https://przyslop.pl/
https://slaskie.travel/",,2026-07-21
HUT-0247,Schronisko na Skrzycznem,Polsko,Beskid Śląski,Szczyrk,1,"Skrzyczne, horní stanice lanovky",horní stanice lanovky,lanovka ze Szczyrku,celoročně; vždy ověřit aktuální stav cest a dopravy,A,"https://skrzyczne.schronisko-pttk.com.pl/
https://slaskie.travel/",,2026-07-21
HUT-0247,Schronisko na Skrzycznem,Polsko,Beskid Śląski,Szczyrk,2,"Szczyrk, dolní stanice lanovky / autobusová zastávka",horské středisko + autobus + parkoviště + lanovka,,celoročně; vždy ověřit aktuální stav cest a dopravy,A,"https://skrzyczne.schronisko-pttk.com.pl/
https://slaskie.travel/",,2026-07-21
HUT-0248,Schronisko Klimczok,Polsko,Beskid Śląski,Bystra,1,"Szyndzielnia, horní stanice lanovky",horní stanice lanovky + turistický uzel,gondola z Bielska-Białé,celoročně; vždy ověřit aktuální stav cest a dopravy,A,"https://www.schroniskoklimczok.com.pl/
https://slaskie.travel/",,2026-07-21
HUT-0248,Schronisko Klimczok,Polsko,Beskid Śląski,Bystra,2,"Bystra, centrum / autobusová zastávka",obec + autobus,,celoročně; vždy ověřit aktuální stav cest a dopravy,A,"https://www.schroniskoklimczok.com.pl/
https://slaskie.travel/",,2026-07-21
HUT-0248,Schronisko Klimczok,Polsko,Beskid Śląski,Bystra,3,"Szczyrk, centrum",horské středisko + autobus,,celoročně; vždy ověřit aktuální stav cest a dopravy,A,"https://www.schroniskoklimczok.com.pl/
https://slaskie.travel/",,2026-07-21
HUT-0249,Schronisko na Błatniej,Polsko,Beskid Śląski,Brenna,1,"Brenna, centrum / autobusová zastávka",horské středisko + autobus + parkoviště,regionální autobus,celoročně; vždy ověřit aktuální stav cest a dopravy,A,"https://blatnia.pl/
https://slaskie.travel/",,2026-07-21
HUT-0249,Schronisko na Błatniej,Polsko,Beskid Śląski,Brenna,2,"Jaworze, centrum",obec + autobus,,celoročně; vždy ověřit aktuální stav cest a dopravy,A,"https://blatnia.pl/
https://slaskie.travel/",,2026-07-21
HUT-0250,Schronisko Szyndzielnia,Polsko,Beskid Śląski,Bielsko-Biała,1,"Szyndzielnia, horní stanice gondoly",horní stanice lanovky,gondola z Bielska-Białé,celoročně; vždy ověřit aktuální stav cest a dopravy,A,"https://szyndzielnia.com.pl/
https://slaskie.travel/",,2026-07-21
HUT-0250,Schronisko Szyndzielnia,Polsko,Beskid Śląski,Bielsko-Biała,2,"Bielsko-Biała, Olszówka – dolní stanice gondoly",MHD + dolní stanice lanovky + parkoviště,,celoročně; vždy ověřit aktuální stav cest a dopravy,A,"https://szyndzielnia.com.pl/
https://slaskie.travel/",,2026-07-21
HUT-0251,Schronisko na Wielkiej Raczy,Polsko,Beskid Żywiecki,Rycerka Górna,1,"Rycerka Górna Kolonia, konečná autobusu / parkoviště",horská autobusová zastávka + parkoviště,regionální autobus,celoročně; vždy ověřit aktuální stav cest a dopravy,A,"https://wielka-racza.pttk.pl/
https://malopolska.szlaki.pttk.pl/",,2026-07-21
HUT-0251,Schronisko na Wielkiej Raczy,Polsko,Beskid Żywiecki,Rycerka Górna,2,"Oščadnica, Veľká Rača – horní stanice lanovky",přeshraniční horní stanice lanovky,,celoročně; vždy ověřit aktuální stav cest a dopravy,A,"https://wielka-racza.pttk.pl/
https://malopolska.szlaki.pttk.pl/",,2026-07-21
HUT-0252,Schronisko na Przegibku,Polsko,Beskid Żywiecki,Rycerka Górna,1,"Rycerka Górna, Roztoki – parkoviště / autobusová zastávka",nástup do doliny + autobus + parkoviště,regionální autobus,celoročně; vždy ověřit aktuální stav cest a dopravy,A,"https://przegibek.pttk.pl/
https://malopolska.szlaki.pttk.pl/",,2026-07-21
HUT-0252,Schronisko na Przegibku,Polsko,Beskid Żywiecki,Rycerka Górna,2,"Rycerka Górna Kolonia, konečná autobusu",horská autobusová zastávka,,celoročně; vždy ověřit aktuální stav cest a dopravy,A,"https://przegibek.pttk.pl/
https://malopolska.szlaki.pttk.pl/",,2026-07-21
HUT-0253,Bacówka na Rycerzowej,Polsko,Beskid Żywiecki,Ujsoły,1,"Soblówka, autobusová zastávka / parkoviště",horská obec + autobus + parkoviště,regionální autobus,celoročně; vždy ověřit aktuální stav cest a dopravy,A,"https://rycerzowa.pl/
https://malopolska.szlaki.pttk.pl/",,2026-07-21
HUT-0253,Bacówka na Rycerzowej,Polsko,Beskid Żywiecki,Ujsoły,2,"Ujsoły, centrum",obec + autobus,,celoročně; vždy ověřit aktuální stav cest a dopravy,A,"https://rycerzowa.pl/
https://malopolska.szlaki.pttk.pl/",,2026-07-21
HUT-0254,Bacówka na Krawcowym Wierchu,Polsko,Beskid Żywiecki,Ujsoły,1,"Glinka, autobusová zastávka / parkoviště",horská obec + autobus + parkoviště,regionální autobus,celoročně; vždy ověřit aktuální stav cest a dopravy,A,"https://krawcow.pl/
https://malopolska.szlaki.pttk.pl/",,2026-07-21
HUT-0254,Bacówka na Krawcowym Wierchu,Polsko,Beskid Żywiecki,Ujsoły,2,"Ujsoły, centrum",obec + autobus,,celoročně; vždy ověřit aktuální stav cest a dopravy,A,"https://krawcow.pl/
https://malopolska.szlaki.pttk.pl/",,2026-07-21
HUT-0255,Schronisko Rysianka,Polsko,Beskid Żywiecki,Żabnica,1,"Żabnica Skałka, konečná autobusu / parkoviště",horská autobusová zastávka + parkoviště,regionální autobus,celoročně; vždy ověřit aktuální stav cest a dopravy,A,"https://rysianka.com.pl/
https://malopolska.szlaki.pttk.pl/",,2026-07-21
HUT-0255,Schronisko Rysianka,Polsko,Beskid Żywiecki,Żabnica,2,"Żabnica, centrum",obec + autobus,,celoročně; vždy ověřit aktuální stav cest a dopravy,A,"https://rysianka.com.pl/
https://malopolska.szlaki.pttk.pl/",,2026-07-21
HUT-0255,Schronisko Rysianka,Polsko,Beskid Żywiecki,Żabnica,3,"Złatna Huta, autobusová zastávka",horská autobusová zastávka,,celoročně; vždy ověřit aktuální stav cest a dopravy,A,"https://rysianka.com.pl/
https://malopolska.szlaki.pttk.pl/",,2026-07-21
HUT-0256,Schronisko Lipowska,Polsko,Beskid Żywiecki,Żabnica,1,"Żabnica Skałka, konečná autobusu / parkoviště",horská autobusová zastávka + parkoviště,regionální autobus,celoročně; vždy ověřit aktuální stav cest a dopravy,A,"https://lipowska.com.pl/
https://malopolska.szlaki.pttk.pl/",,2026-07-21
HUT-0256,Schronisko Lipowska,Polsko,Beskid Żywiecki,Żabnica,2,"Żabnica, centrum",obec + autobus,,celoročně; vždy ověřit aktuální stav cest a dopravy,A,"https://lipowska.com.pl/
https://malopolska.szlaki.pttk.pl/",,2026-07-21
HUT-0256,Schronisko Lipowska,Polsko,Beskid Żywiecki,Żabnica,3,"Złatna Huta, autobusová zastávka",horská autobusová zastávka,,celoročně; vždy ověřit aktuální stav cest a dopravy,A,"https://lipowska.com.pl/
https://malopolska.szlaki.pttk.pl/",,2026-07-21
HUT-0257,Schronisko Hala Miziowa,Polsko,Beskid Żywiecki,Korbielów,1,"Korbielów, Kamienna – dolní stanice lanovek / parkoviště",horské středisko + lanovka + autobus + parkoviště,lanovky na Pilsko podle sezóny,celoročně; vždy ověřit aktuální stav cest a dopravy,A,"https://halamiziowa.pl/
https://malopolska.szlaki.pttk.pl/",,2026-07-21
HUT-0257,Schronisko Hala Miziowa,Polsko,Beskid Żywiecki,Korbielów,2,"Hala Szczawiny, horní stanice lanovky",horní stanice lanovky,,celoročně; vždy ověřit aktuální stav cest a dopravy,A,"https://halamiziowa.pl/
https://malopolska.szlaki.pttk.pl/",,2026-07-21
HUT-0257,Schronisko Hala Miziowa,Polsko,Beskid Żywiecki,Korbielów,3,"Przełęcz Glinne, autobusová zastávka / parkoviště",horský průsmyk + autobus + parkoviště,,celoročně; vždy ověřit aktuální stav cest a dopravy,A,"https://halamiziowa.pl/
https://malopolska.szlaki.pttk.pl/",,2026-07-21
HUT-0258,Markowe Szczawiny,Polsko,Beskid Żywiecki,Zawoja,1,"Zawoja Markowa, parkoviště / autobusová zastávka",hlavní vstup do NP + autobus + parkoviště,regionální autobus,celoročně; vždy ověřit aktuální stav cest a dopravy,A,"https://markoweszczawiny.pttk.pl/
https://malopolska.szlaki.pttk.pl/",,2026-07-21
HUT-0258,Markowe Szczawiny,Polsko,Beskid Żywiecki,Zawoja,2,"Przełęcz Krowiarki, parkoviště / autobusová zastávka",horský průsmyk + autobus + parkoviště,,celoročně; vždy ověřit aktuální stav cest a dopravy,A,"https://markoweszczawiny.pttk.pl/
https://malopolska.szlaki.pttk.pl/",,2026-07-21
HUT-0259,Hala Krupowa,Polsko,Beskid Żywiecki,Zawoja,1,"Sidzina, Wielka Polana – parkoviště / autobusová zastávka",horská obec + autobus + parkoviště,regionální autobus,celoročně; vždy ověřit aktuální stav cest a dopravy,B,"https://halakrupowa.pttk.pl/
https://malopolska.szlaki.pttk.pl/",,2026-07-21
HUT-0259,Hala Krupowa,Polsko,Beskid Żywiecki,Zawoja,2,"Zawoja Składy, autobusová zastávka",horská autobusová zastávka,,celoročně; vždy ověřit aktuální stav cest a dopravy,B,"https://halakrupowa.pttk.pl/
https://malopolska.szlaki.pttk.pl/",,2026-07-21
HUT-0259,Hala Krupowa,Polsko,Beskid Żywiecki,Zawoja,3,"Jordanów, železniční stanice",vlak + návazný autobus,,celoročně; vždy ověřit aktuální stav cest a dopravy,B,"https://halakrupowa.pttk.pl/
https://malopolska.szlaki.pttk.pl/",,2026-07-21
HUT-0260,Morskie Oko,Polsko,Tatry Wysokie,Zakopane,1,"Palenica Białczańska, parkoviště / autobusová konečná",hlavní vstup do TPN + autobus + parkoviště,minibusy ze Zakopaného,celoročně; vždy ověřit aktuální stav cest a dopravy,A,"https://schroniskomorskieoko.pl/
https://tpn.pl/zwiedzaj",,2026-07-21
HUT-0261,Dolina Pięciu Stawów Polskich,Polsko,Tatry Wysokie,Zakopane,1,"Palenica Białczańska, parkoviště / autobusová konečná",hlavní vstup do TPN + autobus + parkoviště,minibusy ze Zakopaného,celoročně; vždy ověřit aktuální stav cest a dopravy,A,"https://piecstawow.pl/
https://tpn.pl/zwiedzaj",,2026-07-21
HUT-0261,Dolina Pięciu Stawów Polskich,Polsko,Tatry Wysokie,Zakopane,2,"Wodogrzmoty Mickiewicza, rozcestí na trase k Morskému Oku",turistický rozcestník,,celoročně; vždy ověřit aktuální stav cest a dopravy,A,"https://piecstawow.pl/
https://tpn.pl/zwiedzaj",,2026-07-21
HUT-0262,Murowaniec,Polsko,Tatry Wysokie,Zakopane,1,"Kuźnice, konečná městských minibusů",hlavní turistický vstup + veřejná doprava,městské minibusy ze Zakopaného; vjezd aut omezen,celoročně; vždy ověřit aktuální stav cest a dopravy,A,"https://malopolska.szlaki.pttk.pl/en/1484-pttk-malopolska-old-refuge-on-hala-gasienicowa
https://murowaniec.com/
https://tpn.pl/zwiedzaj",,2026-07-21
HUT-0263,Hala Kondratowa,Polsko,Tatry Zachodnie,Zakopane,1,"Kuźnice, konečná městských minibusů",hlavní turistický vstup + veřejná doprava,městské minibusy ze Zakopaného; vjezd aut omezen,celoročně; vždy ověřit aktuální stav cest a dopravy,A,"https://kondratowa.com/
https://tpn.pl/zwiedzaj",,2026-07-21
HUT-0264,Hotel Górski Kalatówki,Polsko,Tatry Zachodnie,Zakopane,1,"Kuźnice, konečná městských minibusů",hlavní turistický vstup + veřejná doprava,městské minibusy ze Zakopaného; vjezd aut omezen,celoročně; vždy ověřit aktuální stav cest a dopravy,A,"https://www.kalatowki.pl/
https://tpn.pl/zwiedzaj",,2026-07-21
HUT-0265,Polana Chochołowska,Polsko,Tatry Zachodnie,Chochołów,1,"Siwa Polana, parkoviště / autobusová zastávka",vstup do doliny + autobus + parkoviště,minibusy ze Zakopaného,celoročně; vždy ověřit aktuální stav cest a dopravy,A,"https://chocholowska.com/
https://tpn.pl/zwiedzaj",,2026-07-21
HUT-0266,Hala Ornak,Polsko,Tatry Zachodnie,Kościelisko,1,"Kiry, parkoviště / autobusová zastávka",vstup do doliny + autobus + parkoviště,minibusy ze Zakopaného,celoročně; vždy ověřit aktuální stav cest a dopravy,A,"https://ornak.com.pl/
https://tpn.pl/zwiedzaj",,2026-07-21
HUT-0267,Dolina Roztoki,Polsko,Tatry Wysokie,Bukowina Tatrzańska,1,"Palenica Białczańska, parkoviště / autobusová konečná",hlavní vstup do TPN + autobus + parkoviště,minibusy ze Zakopaného,celoročně; vždy ověřit aktuální stav cest a dopravy,A,"https://schroniskoroztoka.pl/
https://tpn.pl/zwiedzaj",,2026-07-21
HUT-0267,Dolina Roztoki,Polsko,Tatry Wysokie,Bukowina Tatrzańska,2,"Wodogrzmoty Mickiewicza, rozcestí na trase k Morskému Oku",turistický rozcestník,,celoročně; vždy ověřit aktuální stav cest a dopravy,A,"https://schroniskoroztoka.pl/
https://tpn.pl/zwiedzaj",,2026-07-21
HUT-0268,Schronisko Trzy Korony,Polsko,Pieniny,Sromowce Niżne,1,"Sromowce Niżne, centrum / parkoviště / autobusová zastávka",turistická obec + autobus + parkoviště,regionální autobus,celoročně; vždy ověřit aktuální stav cest a dopravy,A,"https://trzykorony.pl/
https://www.pieninypn.pl/",,2026-07-21
HUT-0268,Schronisko Trzy Korony,Polsko,Pieniny,Sromowce Niżne,2,"Krościenko nad Dunajcem, centrum",turistické město + autobus,,celoročně; vždy ověřit aktuální stav cest a dopravy,A,"https://trzykorony.pl/
https://www.pieninypn.pl/",,2026-07-21
HUT-0269,Schronisko Orlica,Polsko,Pieniny,Szczawnica,1,"Szczawnica, centrum / dolní stanice lanovky Palenica",turistické město + autobus + dolní stanice lanovky,regionální autobus a lanovka Palenica,celoročně; provoz lanovky ověřit podle sezóny,A,"https://www.pieninypn.pl/
https://orlica.com.pl/",,2026-07-21
HUT-0269,Schronisko Orlica,Polsko,Pieniny,Szczawnica,2,"Szczawnica, přístaviště / promenáda",turistické centrum + autobus,,celoročně; provoz lanovky ověřit podle sezóny,A,"https://www.pieninypn.pl/
https://orlica.com.pl/",,2026-07-21
HUT-0270,Chatka Puchatka,Polsko,Bieszczady,Wetlina,1,"Przełęcz Wyżna, parkoviště / autobusová zastávka",horský průsmyk + autobus + parkoviště,sezónní busy / minibusy,celoročně; vždy ověřit aktuální stav cest a dopravy,A,"https://chatkapuchatka.bdpn.pl/
https://bdpn.gov.pl/turystyka",,2026-07-21
HUT-0270,Chatka Puchatka,Polsko,Bieszczady,Wetlina,2,"Brzegi Górne, parkoviště / autobusová zastávka",horský průsmyk + autobus + parkoviště,,celoročně; vždy ověřit aktuální stav cest a dopravy,A,"https://chatkapuchatka.bdpn.pl/
https://bdpn.gov.pl/turystyka",,2026-07-21
HUT-0270,Chatka Puchatka,Polsko,Bieszczady,Wetlina,3,"Wetlina, centrum",horská obec + autobus,,celoročně; vždy ověřit aktuální stav cest a dopravy,A,"https://chatkapuchatka.bdpn.pl/
https://bdpn.gov.pl/turystyka",,2026-07-21
HUT-0271,Kremenaros Ustrzyki Górne,Polsko,Bieszczady,Ustrzyki Górne,1,"Ustrzyki Górne, autobusová zastávka / parkoviště",hlavní turistické středisko + autobus + parkoviště,sezónní a regionální autobus,celoročně; vždy ověřit aktuální stav cest a dopravy,A,https://bdpn.gov.pl/turystyka,,2026-07-21
HUT-0272,Bacówka pod Małą Rawką,Polsko,Bieszczady,Brzegi Górne,1,"Przełęcz Wyżniańska, parkoviště / autobusová zastávka",horský průsmyk + autobus + parkoviště,sezónní busy / minibusy,celoročně; vždy ověřit aktuální stav cest a dopravy,A,"https://rawki.pl/
https://bdpn.gov.pl/turystyka",,2026-07-21
HUT-0272,Bacówka pod Małą Rawką,Polsko,Bieszczady,Brzegi Górne,2,"Brzegi Górne, parkoviště / autobusová zastávka",horský průsmyk + autobus + parkoviště,,celoročně; vždy ověřit aktuální stav cest a dopravy,A,"https://rawki.pl/
https://bdpn.gov.pl/turystyka",,2026-07-21
HUT-0273,Bacówka Jaworzec,Polsko,Bieszczady,Wetlina,1,"Kalnica, autobusová zastávka / parkoviště",horská obec + autobus + parkoviště,regionální / sezónní autobus,celoročně; vždy ověřit aktuální stav cest a dopravy,B,"https://jaworzec.com.pl/
https://bdpn.gov.pl/turystyka",,2026-07-21
HUT-0273,Bacówka Jaworzec,Polsko,Bieszczady,Wetlina,2,"Wetlina, centrum",horská obec + autobus,,celoročně; vždy ověřit aktuální stav cest a dopravy,B,"https://jaworzec.com.pl/
https://bdpn.gov.pl/turystyka",,2026-07-21
HUT-0274,Bacówka Pod Honem,Polsko,Bieszczady,Cisna,1,"Cisna, centrum / autobusová zastávka",turistická obec + autobus + parkoviště,regionální a sezónní autobus,celoročně; vždy ověřit aktuální stav cest a dopravy,A,"https://podhonem.pl/
https://bdpn.gov.pl/turystyka",,2026-07-21
HUT-0275,Schronisko PTTK Komańcza,Polsko,Bieszczady,Komańcza,1,"Komańcza, železniční stanice",vlak + turistická obec,vlak a autobus,celoročně; vždy ověřit aktuální stav cest a dopravy,A,https://bdpn.gov.pl/turystyka,,2026-07-21
HUT-0276,Schronisko w Łupkowie,Polsko,Bieszczady,Łupków,1,"Nowy Łupków, železniční stanice",vlak + obec,vlak,celoročně; vždy ověřit aktuální stav cest a dopravy,A,https://bdpn.gov.pl/turystyka,,2026-07-21
HUT-0276,Schronisko w Łupkowie,Polsko,Bieszczady,Łupków,2,"Łupków, centrum",obec + autobus,,celoročně; vždy ověřit aktuální stav cest a dopravy,A,https://bdpn.gov.pl/turystyka,,2026-07-21
HUT-0277,Koliba Studencka,Polsko,Bieszczady,Rabe,1,"Rabe, parkoviště / autobusová zastávka",horská osada + parkoviště + autobus,regionální autobus v širším okolí,celoročně; vždy ověřit aktuální stav cest a dopravy,B,https://bdpn.gov.pl/turystyka,,2026-07-21
HUT-0277,Koliba Studencka,Polsko,Bieszczady,Rabe,2,"Czarna Górna, centrum",obec + autobus,,celoročně; vždy ověřit aktuální stav cest a dopravy,B,https://bdpn.gov.pl/turystyka,,2026-07-21
HUT-0278,Arberschutzhaus,Německo,Bayerischer Wald,Bayerisch Eisenstein,1,"Großer Arber, horní stanice lanovky",horní stanice lanovky + vrcholový uzel,lanovka z Talstation Großer Arber,celoročně; vždy ověřit aktuální stav cest a dopravy,A,"https://www.arberschutzhaus.de/
https://www.nationalpark-bayerischer-wald.bayern.de/besucher/einrichtungen/index.htm",,2026-07-21
HUT-0278,Arberschutzhaus,Německo,Bayerischer Wald,Bayerisch Eisenstein,2,"Brennes, parkoviště / autobusová zastávka",horský průsmyk + autobus + parkoviště,,celoročně; vždy ověřit aktuální stav cest a dopravy,A,"https://www.arberschutzhaus.de/
https://www.nationalpark-bayerischer-wald.bayern.de/besucher/einrichtungen/index.htm",,2026-07-21
HUT-0278,Arberschutzhaus,Německo,Bayerischer Wald,Bayerisch Eisenstein,3,"Bayerisch Eisenstein, železniční stanice",vlak + turistické město,,celoročně; vždy ověřit aktuální stav cest a dopravy,A,"https://www.arberschutzhaus.de/
https://www.nationalpark-bayerischer-wald.bayern.de/besucher/einrichtungen/index.htm",,2026-07-21
HUT-0279,Eisensteiner Hütte,Německo,Bayerischer Wald,Bayerisch Eisenstein,1,"Großer Arber, horní stanice lanovky",horní stanice lanovky + vrcholový uzel,lanovka z Talstation Großer Arber,celoročně; vždy ověřit aktuální stav cest a dopravy,A,"https://www.arber.de/
https://www.nationalpark-bayerischer-wald.bayern.de/besucher/einrichtungen/index.htm",,2026-07-21
HUT-0279,Eisensteiner Hütte,Německo,Bayerischer Wald,Bayerisch Eisenstein,2,"Brennes, parkoviště / autobusová zastávka",horský průsmyk + autobus + parkoviště,,celoročně; vždy ověřit aktuální stav cest a dopravy,A,"https://www.arber.de/
https://www.nationalpark-bayerischer-wald.bayern.de/besucher/einrichtungen/index.htm",,2026-07-21
HUT-0279,Eisensteiner Hütte,Německo,Bayerischer Wald,Bayerisch Eisenstein,3,"Bayerisch Eisenstein, železniční stanice",vlak + turistické město,,celoročně; vždy ověřit aktuální stav cest a dopravy,A,"https://www.arber.de/
https://www.nationalpark-bayerischer-wald.bayern.de/besucher/einrichtungen/index.htm",,2026-07-21
HUT-0280,Falkensteinschutzhaus,Německo,Bayerischer Wald,Lindberg,1,"Zwieslerwaldhaus, parkoviště / autobusová zastávka",vstup do národního parku + autobus + parkoviště,Igelbus / regionální autobus,celoročně; vždy ověřit aktuální stav cest a dopravy,A,"https://www.schutzhaus-falkenstein.de/
https://www.nationalpark-bayerischer-wald.bayern.de/besucher/einrichtungen/index.htm",,2026-07-21
HUT-0280,Falkensteinschutzhaus,Německo,Bayerischer Wald,Lindberg,2,"Lindberg, centrum",obec + autobus,,celoročně; vždy ověřit aktuální stav cest a dopravy,A,"https://www.schutzhaus-falkenstein.de/
https://www.nationalpark-bayerischer-wald.bayern.de/besucher/einrichtungen/index.htm",,2026-07-21
HUT-0281,Lusenschutzhaus,Německo,Bayerischer Wald,Neuschönau,1,"Waldhäuser, Lusenparkplatz / Waldhausreibe",parkoviště + sezónní turistický autobus,Igelbus v národním parku,celoročně; vždy ověřit aktuální stav cest a dopravy,A,"https://www.lusenschutzhaus.com/
https://www.nationalpark-bayerischer-wald.bayern.de/besucher/einrichtungen/index.htm",,2026-07-21
HUT-0281,Lusenschutzhaus,Německo,Bayerischer Wald,Neuschönau,2,"Neuschönau, Nationalparkzentrum Lusen",návštěvnické centrum + autobus + parkoviště,,celoročně; vždy ověřit aktuální stav cest a dopravy,A,"https://www.lusenschutzhaus.com/
https://www.nationalpark-bayerischer-wald.bayern.de/besucher/einrichtungen/index.htm",,2026-07-21
HUT-0281,Lusenschutzhaus,Německo,Bayerischer Wald,Neuschönau,3,"Bučina, sezónní autobusová konečná",přeshraniční autobus + hřebenová trasa,,celoročně; vždy ověřit aktuální stav cest a dopravy,A,"https://www.lusenschutzhaus.com/
https://www.nationalpark-bayerischer-wald.bayern.de/besucher/einrichtungen/index.htm",,2026-07-21
HUT-0282,Osserschutzhaus,Německo,Bayerischer Wald,Lam,1,"Lam, Lambach – parkoviště / autobusová zastávka",horská část obce + autobus + parkoviště,regionální autobus,celoročně; vždy ověřit aktuální stav cest a dopravy,B,"https://www.osser-schutzhaus.de/
https://www.nationalpark-bayerischer-wald.bayern.de/besucher/einrichtungen/index.htm",,2026-07-21
HUT-0282,Osserschutzhaus,Německo,Bayerischer Wald,Lam,2,"Lohberg, Silbersbach",obec + autobus,,celoročně; vždy ověřit aktuální stav cest a dopravy,B,"https://www.osser-schutzhaus.de/
https://www.nationalpark-bayerischer-wald.bayern.de/besucher/einrichtungen/index.htm",,2026-07-21
HUT-0282,Osserschutzhaus,Německo,Bayerischer Wald,Lam,3,"Hamry, centrum",přeshraniční obec + vlak / autobus,,celoročně; vždy ověřit aktuální stav cest a dopravy,B,"https://www.osser-schutzhaus.de/
https://www.nationalpark-bayerischer-wald.bayern.de/besucher/einrichtungen/index.htm",,2026-07-21
HUT-0283,Kötztinger Hütte,Německo,Bayerischer Wald,Hohenwarth,1,"Eck, autobusová zastávka / parkoviště",horský průsmyk + autobus + parkoviště,turistický autobus,celoročně; vždy ověřit aktuální stav cest a dopravy,A,"https://www.koetztinger-huette.de/
https://www.nationalpark-bayerischer-wald.bayern.de/besucher/einrichtungen/index.htm",,2026-07-21
HUT-0283,Kötztinger Hütte,Německo,Bayerischer Wald,Hohenwarth,2,"Hohenwarth, železniční stanice",vlak + obec,,celoročně; vždy ověřit aktuální stav cest a dopravy,A,"https://www.koetztinger-huette.de/
https://www.nationalpark-bayerischer-wald.bayern.de/besucher/einrichtungen/index.htm",,2026-07-21
HUT-0284,Chamer Hütte,Německo,Bayerischer Wald,Bodenmais,1,"Bretterschachten, autobusová zastávka / parkoviště",horský areál + autobus + parkoviště,ski / wander bus z Bodenmaisu,celoročně; vždy ověřit aktuální stav cest a dopravy,A,"https://www.chamer-huette.de/
https://www.nationalpark-bayerischer-wald.bayern.de/besucher/einrichtungen/index.htm",,2026-07-21
HUT-0284,Chamer Hütte,Německo,Bayerischer Wald,Bodenmais,2,"Bodenmais, železniční stanice",vlak + turistické město,,celoročně; vždy ověřit aktuální stav cest a dopravy,A,"https://www.chamer-huette.de/
https://www.nationalpark-bayerischer-wald.bayern.de/besucher/einrichtungen/index.htm",,2026-07-21
HUT-0285,Berghütte Schareben,Německo,Bayerischer Wald,Drachselsried,1,"Schareben, parkoviště / autobusová zastávka",horský areál + parkoviště + turistický autobus,sezónní turistický autobus,celoročně; vždy ověřit aktuální stav cest a dopravy,A,"https://www.berghuette-schareben.de/
https://www.nationalpark-bayerischer-wald.bayern.de/besucher/einrichtungen/index.htm",,2026-07-21
HUT-0285,Berghütte Schareben,Německo,Bayerischer Wald,Drachselsried,2,"Drachselsried, centrum",obec + autobus,,celoročně; vždy ověřit aktuální stav cest a dopravy,A,"https://www.berghuette-schareben.de/
https://www.nationalpark-bayerischer-wald.bayern.de/besucher/einrichtungen/index.htm",,2026-07-21
HUT-0286,Landshuter Haus,Německo,Bayerischer Wald,Bischofsmais,1,"Ruselabsatz, autobusová zastávka / parkoviště",horský průsmyk + autobus + parkoviště,regionální autobus,celoročně; vždy ověřit aktuální stav cest a dopravy,A,"https://www.landshuter.haus/
https://www.nationalpark-bayerischer-wald.bayern.de/besucher/einrichtungen/index.htm",,2026-07-21
HUT-0286,Landshuter Haus,Německo,Bayerischer Wald,Bischofsmais,2,"Bischofsmais, centrum",obec + autobus,,celoročně; vždy ověřit aktuální stav cest a dopravy,A,"https://www.landshuter.haus/
https://www.nationalpark-bayerischer-wald.bayern.de/besucher/einrichtungen/index.htm",,2026-07-21
HUT-0287,Berggasthof Dreisessel,Německo,Bayerischer Wald,Neureichenau,1,"Dreisessel, vrcholové parkoviště",vrcholové parkoviště,autobus do Haidmühle / Neureichenau,celoročně; vždy ověřit aktuální stav cest a dopravy,A,"https://www.dreisessel.com/
https://www.nationalpark-bayerischer-wald.bayern.de/besucher/einrichtungen/index.htm",,2026-07-21
HUT-0287,Berggasthof Dreisessel,Německo,Bayerischer Wald,Neureichenau,2,"Haidmühle, autobusová zastávka",horská obec + autobus,,celoročně; vždy ověřit aktuální stav cest a dopravy,A,"https://www.dreisessel.com/
https://www.nationalpark-bayerischer-wald.bayern.de/besucher/einrichtungen/index.htm",,2026-07-21
HUT-0287,Berggasthof Dreisessel,Německo,Bayerischer Wald,Neureichenau,3,"Nové Údolí, železniční stanice",přeshraniční vlak + turistický uzel,,celoročně; vždy ověřit aktuální stav cest a dopravy,A,"https://www.dreisessel.com/
https://www.nationalpark-bayerischer-wald.bayern.de/besucher/einrichtungen/index.htm",,2026-07-21
HUT-0288,Waldschmidthaus,Německo,Bayerischer Wald,Spiegelau,1,"Gfäll, Igelbus – autobusová zastávka",sezónní turistický autobus + vstup do NP,Igelbus,celoročně; vždy ověřit aktuální stav cest a dopravy,A,https://www.nationalpark-bayerischer-wald.bayern.de/besucher/einrichtungen/index.htm,,2026-07-21
HUT-0288,Waldschmidthaus,Německo,Bayerischer Wald,Spiegelau,2,"Racheldiensthütte, Igelbus – autobusová zastávka",sezónní turistický autobus + parkoviště,,celoročně; vždy ověřit aktuální stav cest a dopravy,A,https://www.nationalpark-bayerischer-wald.bayern.de/besucher/einrichtungen/index.htm,,2026-07-21
HUT-0288,Waldschmidthaus,Německo,Bayerischer Wald,Spiegelau,3,"Spiegelau, železniční stanice",vlak + návazný Igelbus,,celoročně; vždy ověřit aktuální stav cest a dopravy,A,https://www.nationalpark-bayerischer-wald.bayern.de/besucher/einrichtungen/index.htm,,2026-07-21
HUT-0289,Berggasthof Mooshütte,Německo,Bayerischer Wald,Lohberg,1,"Lohberg, Scheiben – parkoviště / autobusová zastávka",horská osada + autobus + parkoviště,regionální autobus,celoročně; vždy ověřit aktuální stav cest a dopravy,B,"https://www.berghotel-mooshuette.de/
https://www.nationalpark-bayerischer-wald.bayern.de/besucher/einrichtungen/index.htm",,2026-07-21
HUT-0289,Berggasthof Mooshütte,Německo,Bayerischer Wald,Lohberg,2,"Brennes, parkoviště / autobusová zastávka",horský průsmyk + autobus + parkoviště,,celoročně; vždy ověřit aktuální stav cest a dopravy,B,"https://www.berghotel-mooshuette.de/
https://www.nationalpark-bayerischer-wald.bayern.de/besucher/einrichtungen/index.htm",,2026-07-21
HUT-0290,Berghaus Sonnenfels,Německo,Bayerischer Wald,Lohberg,1,"Lohberg, Scheiben – parkoviště / autobusová zastávka",horská osada + autobus + parkoviště,regionální autobus,celoročně; vždy ověřit aktuální stav cest a dopravy,B,"https://www.berghaus-sonnenfels.de/
https://www.nationalpark-bayerischer-wald.bayern.de/besucher/einrichtungen/index.htm",,2026-07-21
HUT-0290,Berghaus Sonnenfels,Německo,Bayerischer Wald,Lohberg,2,"Brennes, parkoviště / autobusová zastávka",horský průsmyk + autobus + parkoviště,,celoročně; vždy ověřit aktuální stav cest a dopravy,B,"https://www.berghaus-sonnenfels.de/
https://www.nationalpark-bayerischer-wald.bayern.de/besucher/einrichtungen/index.htm",,2026-07-21
HUT-0291,Berggasthof Eck,Německo,Bayerischer Wald,Arrach,1,"Eck, autobusová zastávka / parkoviště",horský průsmyk + autobus + parkoviště,turistický autobus,celoročně; vždy ověřit aktuální stav cest a dopravy,A,https://www.nationalpark-bayerischer-wald.bayern.de/besucher/einrichtungen/index.htm,,2026-07-21
HUT-0292,Berggasthof Gibacht,Německo,Bayerischer Wald,Waldmünchen,1,"Althütte / Gibacht, parkoviště",horský areál + parkoviště,autobus do Waldmünchenu,celoročně; vždy ověřit aktuální stav cest a dopravy,B,https://www.nationalpark-bayerischer-wald.bayern.de/besucher/einrichtungen/index.htm,,2026-07-21
HUT-0292,Berggasthof Gibacht,Německo,Bayerischer Wald,Waldmünchen,2,"Waldmünchen, železniční stanice",vlak + město,,celoročně; vždy ověřit aktuální stav cest a dopravy,B,https://www.nationalpark-bayerischer-wald.bayern.de/besucher/einrichtungen/index.htm,,2026-07-21
HUT-0292,Berggasthof Gibacht,Německo,Bayerischer Wald,Waldmünchen,3,"Capartice, autobusová zastávka",přeshraniční autobus + parkoviště,,celoročně; vždy ověřit aktuální stav cest a dopravy,B,https://www.nationalpark-bayerischer-wald.bayern.de/besucher/einrichtungen/index.htm,,2026-07-21
HUT-0293,Fichtelberghaus,Německo,Erzgebirge,Oberwiesenthal,1,"Fichtelberg, horní stanice lanovky",horní stanice lanovky + vrcholový uzel,lanovka z Oberwiesenthalu,celoročně; vždy ověřit aktuální stav cest a dopravy,A,"https://www.fichtelberghaus.de/
https://www.erzgebirge-tourismus.de/",,2026-07-21
HUT-0293,Fichtelberghaus,Německo,Erzgebirge,Oberwiesenthal,2,"Oberwiesenthal, dolní stanice lanovky / autobusová zastávka",horské středisko + autobus + parkoviště + lanovka,,celoročně; vždy ověřit aktuální stav cest a dopravy,A,"https://www.fichtelberghaus.de/
https://www.erzgebirge-tourismus.de/",,2026-07-21
HUT-0293,Fichtelberghaus,Německo,Erzgebirge,Oberwiesenthal,3,"Boží Dar, náměstí",přeshraniční horské středisko + autobus,,celoročně; vždy ověřit aktuální stav cest a dopravy,A,"https://www.fichtelberghaus.de/
https://www.erzgebirge-tourismus.de/",,2026-07-21
HUT-0294,Schwartenbergbaude,Německo,Erzgebirge,Neuhausen,1,"Neuhausen, Schwartenberg – parkoviště",vrcholové parkoviště,vlak / autobus do Neuhausenu,celoročně; vždy ověřit aktuální stav cest a dopravy,B,"https://www.schwartenbergbaude.de/
https://www.erzgebirge-tourismus.de/",,2026-07-21
HUT-0294,Schwartenbergbaude,Německo,Erzgebirge,Neuhausen,2,"Seiffen, centrum / autobusová zastávka",turistická obec + autobus,,celoročně; vždy ověřit aktuální stav cest a dopravy,B,"https://www.schwartenbergbaude.de/
https://www.erzgebirge-tourismus.de/",,2026-07-21
HUT-0295,Kahlebergbaude,Německo,Erzgebirge,Altenberg,1,"Altenberg, Raupennest – parkoviště / autobusová zastávka",horský areál + autobus + parkoviště,regionální autobus,celoročně; vždy ověřit aktuální stav cest a dopravy,B,https://www.erzgebirge-tourismus.de/,,2026-07-21
HUT-0295,Kahlebergbaude,Německo,Erzgebirge,Altenberg,2,"Altenberg, železniční stanice",vlak + horské město,,celoročně; vždy ověřit aktuální stav cest a dopravy,B,https://www.erzgebirge-tourismus.de/,,2026-07-21
HUT-0295,Kahlebergbaude,Německo,Erzgebirge,Altenberg,3,"Cínovec, autobusová zastávka",přeshraniční horská obec + autobus,,celoročně; vždy ověřit aktuální stav cest a dopravy,B,https://www.erzgebirge-tourismus.de/,,2026-07-21
HUT-0296,Berghotel Pöhlberg,Německo,Erzgebirge,Annaberg-Buchholz,1,"Pöhlberg, vrcholové parkoviště",vrcholové parkoviště,MHD / autobus z Annaberg-Buchholz,celoročně; vždy ověřit aktuální stav cest a dopravy,A,"https://www.berghotel-poehlberg.de/
https://www.erzgebirge-tourismus.de/",,2026-07-21
HUT-0296,Berghotel Pöhlberg,Německo,Erzgebirge,Annaberg-Buchholz,2,"Annaberg-Buchholz, centrum / železniční stanice",město + vlak + autobus,,celoročně; vždy ověřit aktuální stav cest a dopravy,A,"https://www.berghotel-poehlberg.de/
https://www.erzgebirge-tourismus.de/",,2026-07-21
HUT-0297,Auersberghaus,Německo,Erzgebirge,Eibenstock,1,"Auersberg, vrcholové parkoviště",vrcholové parkoviště,autobus do Wildenthalu / Eibenstocku,celoročně; vždy ověřit aktuální stav cest a dopravy,B,"https://www.auersberghaus.de/
https://www.erzgebirge-tourismus.de/",,2026-07-21
HUT-0297,Auersberghaus,Německo,Erzgebirge,Eibenstock,2,"Wildenthal, autobusová zastávka",horská obec + autobus,,celoročně; vždy ověřit aktuální stav cest a dopravy,B,"https://www.auersberghaus.de/
https://www.erzgebirge-tourismus.de/",,2026-07-21
HUT-0298,Helfenberger Hütte,Rakousko,Böhmerwald,Helfenberg / Oberafiesl,1,"Oberafiesl, parkoviště / autobusová zastávka",horská osada + autobus + parkoviště,regionální autobus do Helfenbergu / Oberafieslu,celoročně; vždy ověřit aktuální stav cest a dopravy,B,"https://www.alpenverein.at/helfenbergerhuette/
https://www.alpenverein.at/portal/huetten-wege/huettensuche/",,2026-07-21
HUT-0298,Helfenberger Hütte,Rakousko,Böhmerwald,Helfenberg / Oberafiesl,2,"Helfenberg, centrum",obec + autobus,,celoročně; vždy ověřit aktuální stav cest a dopravy,B,"https://www.alpenverein.at/helfenbergerhuette/
https://www.alpenverein.at/portal/huetten-wege/huettensuche/",,2026-07-21
HUT-0299,Nebelstein-Hütte,Rakousko,Freiwald / Gratzener Bergland,Moorbad Harbach,1,"Nebelstein, parkoviště u výstupové cesty",horský nástup + parkoviště,autobus do Moorbad Harbach,celoročně; vždy ověřit aktuální stav cest a dopravy,A,"https://www.alpenverein.at/nebelsteinhuette/
https://www.alpenverein.at/portal/huetten-wege/huettensuche/",,2026-07-21
HUT-0299,Nebelstein-Hütte,Rakousko,Freiwald / Gratzener Bergland,Moorbad Harbach,2,"Moorbad Harbach, centrum",lázeňská obec + autobus,,celoročně; vždy ověřit aktuální stav cest a dopravy,A,"https://www.alpenverein.at/nebelsteinhuette/
https://www.alpenverein.at/portal/huetten-wege/huettensuche/",,2026-07-21
HUT-0299,Nebelstein-Hütte,Rakousko,Freiwald / Gratzener Bergland,Moorbad Harbach,3,"Hirschenwies, autobusová zastávka",horská osada + autobus,,celoročně; vždy ověřit aktuální stav cest a dopravy,A,"https://www.alpenverein.at/nebelsteinhuette/
https://www.alpenverein.at/portal/huetten-wege/huettensuche/",,2026-07-21
HUT-0300,Hochwaldbaude Oybin,Německo,Zittauer Gebirge,Kurort Oybin,1,"Oybin-Hain, parkoviště / autobusová zastávka",horská část obce + autobus + parkoviště,úzkorozchodná železnice a autobus do Oybinu,celoročně; vždy ověřit aktuální stav cest a dopravy,A,"https://www.hochwaldbaude.de/
https://www.zittauer-gebirge.com/",,2026-07-21
HUT-0300,Hochwaldbaude Oybin,Německo,Zittauer Gebirge,Kurort Oybin,2,"Kurort Oybin, železniční stanice",turistická železnice + obec,,celoročně; vždy ověřit aktuální stav cest a dopravy,A,"https://www.hochwaldbaude.de/
https://www.zittauer-gebirge.com/",,2026-07-21
HUT-0300,Hochwaldbaude Oybin,Německo,Zittauer Gebirge,Kurort Oybin,3,"Krompach, centrum",přeshraniční obec + autobus,,celoročně; vždy ověřit aktuální stav cest a dopravy,A,"https://www.hochwaldbaude.de/
https://www.zittauer-gebirge.com/",,2026-07-21
HUT-0301,Töpferbaude,Německo,Zittauer Gebirge,Kurort Oybin,1,"Kurort Oybin, železniční stanice / centrum",turistická železnice + autobus + parkoviště,úzkorozchodná železnice,celoročně; vždy ověřit aktuální stav cest a dopravy,A,"https://www.toepferbaude.de/
https://www.zittauer-gebirge.com/",,2026-07-21
HUT-0301,Töpferbaude,Německo,Zittauer Gebirge,Kurort Oybin,2,"Oybin-Hain, autobusová zastávka",horská autobusová zastávka,,celoročně; vždy ověřit aktuální stav cest a dopravy,A,"https://www.toepferbaude.de/
https://www.zittauer-gebirge.com/",,2026-07-21
HUT-0302,Kösseinehaus,Německo,Fichtelgebirge,Wunsiedel,1,"Luisenburg, parkoviště / autobusová zastávka",turistický areál + autobus + parkoviště,regionální autobus,celoročně; vždy ověřit aktuální stav cest a dopravy,A,"https://www.koesseinehaus-official.de/
https://www.fichtelgebirge.bayern/",,2026-07-21
HUT-0302,Kösseinehaus,Německo,Fichtelgebirge,Wunsiedel,2,"Wunsiedel, autobusové nádraží",město + autobus,,celoročně; vždy ověřit aktuální stav cest a dopravy,A,"https://www.koesseinehaus-official.de/
https://www.fichtelgebirge.bayern/",,2026-07-21
HUT-0302,Kösseinehaus,Německo,Fichtelgebirge,Wunsiedel,3,"Marktredwitz, železniční stanice",vlak + návazný autobus,,celoročně; vždy ověřit aktuální stav cest a dopravy,A,"https://www.koesseinehaus-official.de/
https://www.fichtelgebirge.bayern/",,2026-07-21
HUT-0303,Seehaus,Německo,Fichtelgebirge,Fichtelberg,1,"Fichtelsee, parkoviště / autobusová zastávka",výletní místo + autobus + parkoviště,regionální autobus,celoročně; vždy ověřit aktuální stav cest a dopravy,A,"https://www.fgv-seehaus.de/
https://www.fichtelgebirge.bayern/",,2026-07-21
HUT-0303,Seehaus,Německo,Fichtelgebirge,Fichtelberg,2,"Bischofsgrün, centrum",horské středisko + autobus,,celoročně; vždy ověřit aktuální stav cest a dopravy,A,"https://www.fgv-seehaus.de/
https://www.fichtelgebirge.bayern/",,2026-07-21
HUT-0304,Waldsteinhaus,Německo,Fichtelgebirge,Weißenstadt,1,"Großer Waldstein, parkoviště",vrcholové parkoviště,autobus do Weißenstadtu,celoročně; vždy ověřit aktuální stav cest a dopravy,A,"https://www.fgv-waldsteinhaus.de/
https://www.fichtelgebirge.bayern/",,2026-07-21
HUT-0304,Waldsteinhaus,Německo,Fichtelgebirge,Weißenstadt,2,"Weißenstadt, autobusová zastávka",lázeňské město + autobus,,celoročně; vždy ověřit aktuální stav cest a dopravy,A,"https://www.fgv-waldsteinhaus.de/
https://www.fichtelgebirge.bayern/",,2026-07-21
HUT-0305,Borz-Alom Erdészeti Erdei Iskola,Maďarsko,Aggteleki-karszt,Szin / Szelcepuszta,1,"Szelcepuszta, parkoviště / přístupová cesta",lesní areál + parkoviště,autobus do Szinu; lokální přístup omezenější,celoročně; vždy ověřit aktuální stav cest a dopravy,B,"https://www.termeszetjaro.hu/mobile/hu/lodging/hostel-ifjusagi-szallas/borz-alom-erdeszeti-erdei-iskola/25347317/
https://www.termeszetjaro.hu/",,2026-07-21
HUT-0305,Borz-Alom Erdészeti Erdei Iskola,Maďarsko,Aggteleki-karszt,Szin / Szelcepuszta,2,"Szin, autobusová zastávka",obec + autobus,,celoročně; vždy ověřit aktuální stav cest a dopravy,B,"https://www.termeszetjaro.hu/mobile/hu/lodging/hostel-ifjusagi-szallas/borz-alom-erdeszeti-erdei-iskola/25347317/
https://www.termeszetjaro.hu/",,2026-07-21
HUT-0306,Nagy-Hideg-hegyi turistaház,Maďarsko,Börzsöny,Királyrét,1,"Királyrét, konečná lesní železnice / parkoviště",lesní železnice + autobus + parkoviště,Királyréti Erdei Vasút a autobus,celoročně; vždy ověřit aktuální stav cest a dopravy,A,https://www.termeszetjaro.hu/,,2026-07-21
HUT-0306,Nagy-Hideg-hegyi turistaház,Maďarsko,Börzsöny,Királyrét,2,"Diósjenő, železniční stanice",vlak + obec,,celoročně; vždy ověřit aktuální stav cest a dopravy,A,https://www.termeszetjaro.hu/,,2026-07-21
HUT-0307,Kisinóci turistaház,Maďarsko,Börzsöny,Kóspallag,1,"Kisinóc, turistický dům / parkoviště",turistický areál + parkoviště,autobus do Kóspallagu,celoročně; vždy ověřit aktuální stav cest a dopravy,A,https://www.termeszetjaro.hu/,,2026-07-21
HUT-0307,Kisinóci turistaház,Maďarsko,Börzsöny,Kóspallag,2,"Kóspallag, autobusová zastávka",obec + autobus,,celoročně; vždy ověřit aktuální stav cest a dopravy,A,https://www.termeszetjaro.hu/,,2026-07-21
